id,transaction_date,quantity,project_id,project_name,project_short_code,durability,country,country_code,project_status,supplier,pathway,pathway_full
iss_1KCW90YXR1S0FKX2,2025-12-19T21:42:32.684328+00:00,4534.37,prj_1HHYZFVGW1S044ZY,Great Plains Organic Waste Sequestration,01P4,OVER_ONE_THOUSAND_YEARS,United States of America,USA,VALIDATED,Vaulted Deep,BiCRS,Biomass Carbon Removal and Storage
iss_1KCW1PEJB1S01796,2025-12-19T19:34:27.213385+00:00,2285.27,prj_1J4P33N6W1S0RKE2,Loblolly Project,V093,OVER_ONE_THOUSAND_YEARS,United States of America,USA,VALIDATED,Graphyte,BiCRS,Biomass Carbon Removal and Storage
iss_1KCSQVZYR1S0114X,2025-12-18T22:04:14.204251+00:00,49.53,prj_1K3S0527T1S0KYXT,Hampton Roads WAE Project,ZTF7,OVER_ONE_THOUSAND_YEARS,United States of America,USA,VALIDATED,CREW Carbon,Marine,Marine
iss_1KCSQS1RJ1S0DX1Q,2025-12-18T22:02:37.775029+00:00,372.52,prj_1JFA3YY9P1S0YVKR,New England WAE Project,X8KC,OVER_ONE_THOUSAND_YEARS,United States of America,USA,VALIDATED,CREW Carbon,Marine,Marine
iss_1KCK6GD6F1S0F3QG,2025-12-16T09:05:22.152056+00:00,1267.15,prj_1JXCRW5ST1S0EEKH,Humboldt Sawmill Company (HSC),HD88,OVER_TWO_HUNDRED_YEARS,United States of America,USA,VALIDATED,Pacific Biochar,BiCRS,Biomass Carbon Removal and Storage
iss_1KCK6FN6W1S0M54H,2025-12-16T09:04:57.609102+00:00,1775.16,prj_1JXCRW5ST1S0EEKH,Humboldt Sawmill Company (HSC),HD88,OVER_TWO_HUNDRED_YEARS,United States of America,USA,VALIDATED,Pacific Biochar,BiCRS,Biomass Carbon Removal and Storage
iss_1KC9P98E11S07KVZ,2025-12-12T16:28:40.812068+00:00,1507.98,prj_1H502CZZH1S0VMYW,Nova Scotia Mineral OAE Project,F5X7,OVER_ONE_THOUSAND_YEARS,Canada,CAN,VALIDATED,Planetary,Marine,Marine
iss_1KBQW1E271S01GM9,2025-12-05T18:22:56.099876+00:00,454.71,prj_1HZSSWBQM1S08H83,Charm Bio-oil Geologic Storage,7BDE,OVER_ONE_THOUSAND_YEARS,United States of America,USA,VALIDATED,Charm Industrial,BiCRS,Biomass Carbon Removal and Storage
iss_1KB5R8GYP1S08TEH,2025-11-28T17:30:34.430833+00:00,3312.18,prj_1HHYZFVGW1S044ZY,Great Plains Organic Waste Sequestration,01P4,OVER_ONE_THOUSAND_YEARS,United States of America,USA,VALIDATED,Vaulted Deep,BiCRS,Biomass Carbon Removal and Storage
iss_1KB0D6QDW1S08XRC,2025-11-26T15:41:08.960024+00:00,240.19,prj_1JQEQKCF91S06HAJ,Ontario Avenue Bio-Oil Sequestration,GHYZ,OVER_ONE_THOUSAND_YEARS,Canada,CAN,VALIDATED,NULIFE GreenTech,BiCRS,Biomass Carbon Removal and Storage
iss_1KA1F2XVP1S01R4X,2025-11-14T15:17:34.223182+00:00,221.35,prj_1JYCV03BW1S0RTE5,Darjeeling Revival: Alt x MOL,E3D1,OVER_ONE_THOUSAND_YEARS,India,IND,VALIDATED,Alt Carbon,EW,Enhanced Weathering
iss_1K987GRBH1S0KT4M,2025-11-04T20:04:17.939626+00:00,319.97,prj_1JQ775W7D1S0WYSA,Project Ara√ßari,H2QE,OVER_ONE_THOUSAND_YEARS,Brazil,BRA,VALIDATED,InPlanet,EW,Enhanced Weathering
iss_1K932NYSS1S017PY,2025-11-02T20:03:33.350164+00:00,291.85,prj_1HZSSWBQM1S08H83,Charm Bio-oil Geologic Storage,7BDE,OVER_ONE_THOUSAND_YEARS,United States of America,USA,VALIDATED,Charm Industrial,BiCRS,Biomass Carbon Removal and Storage
iss_1K8TJJ9KE1S0KZ7A,2025-10-30T12:48:00.773788+00:00,3579.38,prj_1HHYZFVGW1S044ZY,Great Plains Organic Waste Sequestration,01P4,OVER_ONE_THOUSAND_YEARS,United States of America,USA,VALIDATED,Vaulted Deep,BiCRS,Biomass Carbon Removal and Storage
iss_1K754YW881S01WS5,2025-10-09T18:50:28.014913+00:00,166.4,prj_1HZSSWBQM1S08H83,Charm Bio-oil Geologic Storage,7BDE,OVER_ONE_THOUSAND_YEARS,United States of America,USA,VALIDATED,Charm Industrial,BiCRS,Biomass Carbon Removal and Storage
iss_1K6GGJDWT1S06FK3,2025-10-01T18:29:19.938262+00:00,1189.65,prj_1H502CZZH1S0VMYW,Nova Scotia Mineral OAE Project,F5X7,OVER_ONE_THOUSAND_YEARS,Canada,CAN,VALIDATED,Planetary,Marine,Marine
iss_1K6FYR68X1S0ZR6K,2025-10-01T13:17:54.390866+00:00,2546.09,prj_1J4P33N6W1S0RKE2,Loblolly Project,V093,OVER_ONE_THOUSAND_YEARS,United States of America,USA,VALIDATED,Graphyte,BiCRS,Biomass Carbon Removal and Storage
iss_1K6DWCG2Y1S0581E,2025-09-30T17:58:05.178300+00:00,55.7,prj_1JQEQKCF91S06HAJ,Ontario Avenue Bio-Oil Sequestration,GHYZ,OVER_ONE_THOUSAND_YEARS,Canada,CAN,VALIDATED,NULIFE GreenTech,BiCRS,Biomass Carbon Removal and Storage
iss_1K6DS8NSB1S0CE2P,2025-09-30T17:03:34.329130+00:00,2926.33,prj_1HHYZFVGW1S044ZY,Great Plains Organic Waste Sequestration,01P4,OVER_ONE_THOUSAND_YEARS,United States of America,USA,VALIDATED,Vaulted Deep,BiCRS,Biomass Carbon Removal and Storage
iss_1K5XPYRDZ1S01XR9,2025-09-24T11:15:21.237412+00:00,135.39,prj_1HZSSWBQM1S08H83,Charm Bio-oil Geologic Storage,7BDE,OVER_ONE_THOUSAND_YEARS,United States of America,USA,VALIDATED,Charm Industrial,BiCRS,Biomass Carbon Removal and Storage
iss_1K4B0H3VF1S00JXE,2025-09-04T18:41:23.862394+00:00,555.95,prj_1HZSSWBQM1S08H83,Charm Bio-oil Geologic Storage,7BDE,OVER_ONE_THOUSAND_YEARS,United States of America,USA,VALIDATED,Charm Industrial,BiCRS,Biomass Carbon Removal and Storage
iss_1K3YDJ1BB1S0REHD,2025-08-30T21:18:58.000656+00:00,2786.33,prj_1HHYZFVGW1S044ZY,Great Plains Organic Waste Sequestration,01P4,OVER_ONE_THOUSAND_YEARS,United States of America,USA,VALIDATED,Vaulted Deep,BiCRS,Biomass Carbon Removal and Storage
iss_1K1V25P691S0BEJ0,2025-08-04T17:30:52.018476+00:00,3.52,prj_1JN6XNWDQ1S0BSN7,Range & Plains Biochar,6TMZ,OVER_TWO_HUNDRED_YEARS,United States of America,USA,VALIDATED,Charm Industrial,BiCRS,Biomass Carbon Removal and Storage
iss_1K1GRMN4Y1S0VQWK,2025-07-31T17:31:52.530716+00:00,1349.64,prj_1HHYZFVGW1S044ZY,Great Plains Organic Waste Sequestration,01P4,OVER_ONE_THOUSAND_YEARS,United States of America,USA,VALIDATED,Vaulted Deep,BiCRS,Biomass Carbon Removal and Storage
iss_1JZB25YAD1S000SZ,2025-07-04T15:51:45.810293+00:00,1014.57,prj_1HZSSWBQM1S08H83,Charm Bio-oil Geologic Storage,7BDE,OVER_ONE_THOUSAND_YEARS,United States of America,USA,VALIDATED,Charm Industrial,BiCRS,Biomass Carbon Removal and Storage
iss_1JZ2M1G2B1S083RJ,2025-07-01T09:10:44.664605+00:00,709.04,prj_1HHYZFVGW1S044ZY,Great Plains Organic Waste Sequestration,01P4,OVER_ONE_THOUSAND_YEARS,United States of America,USA,VALIDATED,Vaulted Deep,BiCRS,Biomass Carbon Removal and Storage
iss_1JYSFMMG51S0RWTN,2025-06-27T20:00:38.988972+00:00,1868.15,prj_1J4P33N6W1S0RKE2,Loblolly Project,V093,OVER_ONE_THOUSAND_YEARS,United States of America,USA,VALIDATED,Graphyte,BiCRS,Biomass Carbon Removal and Storage
iss_1JXW6N77B1S05B02,2025-06-16T11:05:42.455463+00:00,625.64,prj_1H502CZZH1S0VMYW,Nova Scotia Mineral OAE Project,F5X7,OVER_ONE_THOUSAND_YEARS,Canada,CAN,VALIDATED,Planetary,Marine,Marine
iss_1JX27HZND1S098R4,2025-06-06T09:01:09.808788+00:00,1002.95,prj_1HZSSWBQM1S08H83,Charm Bio-oil Geologic Storage,7BDE,OVER_ONE_THOUSAND_YEARS,United States of America,USA,VALIDATED,Charm Industrial,BiCRS,Biomass Carbon Removal and Storage
iss_1JWH785KR1S0MRMS,2025-05-30T18:28:42.912887+00:00,1153.47,prj_1HHYZFVGW1S044ZY,Great Plains Organic Waste Sequestration,01P4,OVER_ONE_THOUSAND_YEARS,United States of America,USA,VALIDATED,Vaulted Deep,BiCRS,Biomass Carbon Removal and Storage
iss_1JTJESX391S0MQ2N,2025-05-06T09:28:34.988967+00:00,1866.65,prj_1HHYZFVGW1S044ZY,Great Plains Organic Waste Sequestration,01P4,OVER_ONE_THOUSAND_YEARS,United States of America,USA,VALIDATED,Vaulted Deep,BiCRS,Biomass Carbon Removal and Storage
iss_1JT406N8E1S0AA5N,2025-04-30T18:44:02.051068+00:00,20.12,prj_1JFA3YY9P1S0YVKR,New England WAE Project,X8KC,OVER_ONE_THOUSAND_YEARS,United States of America,USA,VALIDATED,CREW Carbon,Marine,Marine
iss_1JT406N8E1S081VC,2025-04-30T18:44:01.983969+00:00,84.28,prj_1JFA3YY9P1S0YVKR,New England WAE Project,X8KC,OVER_ONE_THOUSAND_YEARS,United States of America,USA,VALIDATED,CREW Carbon,Marine,Marine
iss_1JS1XMG2X1S0E4M2,2025-04-17T13:04:59.271664+00:00,93.98,prj_1HZSSWBQM1S08H83,Charm Bio-oil Geologic Storage,7BDE,OVER_ONE_THOUSAND_YEARS,United States of America,USA,VALIDATED,Charm Industrial,BiCRS,Biomass Carbon Removal and Storage
iss_1JS1XMG2X1S0A4QZ,2025-04-17T13:04:59.065098+00:00,498.68,prj_1HZSSWBQM1S08H83,Charm Bio-oil Geologic Storage,7BDE,OVER_ONE_THOUSAND_YEARS,United States of America,USA,VALIDATED,Charm Industrial,BiCRS,Biomass Carbon Removal and Storage
iss_1JQRYV5H31S0V3C9,2025-04-01T15:17:14.590003+00:00,1263.39,prj_1HHYZFVGW1S044ZY,Great Plains Organic Waste Sequestration,01P4,OVER_ONE_THOUSAND_YEARS,United States of America,USA,VALIDATED,Vaulted Deep,BiCRS,Biomass Carbon Removal and Storage
iss_1JNF2SAPF1S0PW1Q,2025-03-03T22:42:20.891568+00:00,525.91,prj_1J4P33N6W1S0RKE2,Loblolly Project,V093,OVER_ONE_THOUSAND_YEARS,United States of America,USA,VALIDATED,Graphyte,BiCRS,Biomass Carbon Removal and Storage
iss_1JNF2SAPF1S01V4A,2025-03-03T22:42:20.535071+00:00,751.98,prj_1J4P33N6W1S0RKE2,Loblolly Project,V093,OVER_ONE_THOUSAND_YEARS,United States of America,USA,VALIDATED,Graphyte,BiCRS,Biomass Carbon Removal and Storage
iss_1JN615GRZ1S0D2D2,2025-02-28T10:20:52.955863+00:00,961.42,prj_1HHYZFVGW1S044ZY,Great Plains Organic Waste Sequestration,01P4,OVER_ONE_THOUSAND_YEARS,United States of America,USA,VALIDATED,Vaulted Deep,BiCRS,Biomass Carbon Removal and Storage
iss_1JMJX2HK81S0K6A9,2025-02-21T00:03:46.981115+00:00,246.73,prj_1HZSSWBQM1S08H83,Charm Bio-oil Geologic Storage,7BDE,OVER_ONE_THOUSAND_YEARS,United States of America,USA,VALIDATED,Charm Industrial,BiCRS,Biomass Carbon Removal and Storage
iss_1JJWBA5841S0M3HJ,2025-01-30T19:34:23.331149+00:00,194.54,prj_1HHYZFVGW1S044ZY,Great Plains Organic Waste Sequestration,01P4,OVER_ONE_THOUSAND_YEARS,United States of America,USA,VALIDATED,Vaulted Deep,BiCRS,Biomass Carbon Removal and Storage
iss_1JJWBA5841S0Y137,2025-01-30T19:34:22.789378+00:00,187.52,prj_1HHYZFVGW1S044ZY,Great Plains Organic Waste Sequestration,01P4,OVER_ONE_THOUSAND_YEARS,United States of America,USA,VALIDATED,Vaulted Deep,BiCRS,Biomass Carbon Removal and Storage
iss_1JG6F6CG01S0P4SX,2024-12-28T11:07:32.571157+00:00,858.26,prj_1HHYZFVGW1S044ZY,Great Plains Organic Waste Sequestration,01P4,OVER_ONE_THOUSAND_YEARS,United States of America,USA,VALIDATED,Vaulted Deep,BiCRS,Biomass Carbon Removal and Storage
iss_1JG4EHW071S0QCJG,2024-12-27T16:17:51.219920+00:00,862.49,prj_1J4P33N6W1S0RKE2,Loblolly Project,V093,OVER_ONE_THOUSAND_YEARS,United States of America,USA,VALIDATED,Graphyte,BiCRS,Biomass Carbon Removal and Storage
iss_1JFTA2YD11S0V766,2024-12-23T17:47:23.581333+00:00,235.53,prj_1J7NQMR9V1S04P0D,Project Serra da Mantiqueira,EN4R,OVER_ONE_THOUSAND_YEARS,Brazil,BRA,VALIDATED,InPlanet,EW,Enhanced Weathering
iss_1JF7EGFQ11S0J9VK,2024-12-16T09:59:07.339807+00:00,1420.17,prj_1HHYZFVGW1S044ZY,Great Plains Organic Waste Sequestration,01P4,OVER_ONE_THOUSAND_YEARS,United States of America,USA,VALIDATED,Vaulted Deep,BiCRS,Biomass Carbon Removal and Storage
iss_1JE49SVT51S01417,2024-12-02T18:23:26.635980+00:00,2249.44,prj_1HHYZFVGW1S044ZY,Great Plains Organic Waste Sequestration,01P4,OVER_ONE_THOUSAND_YEARS,United States of America,USA,VALIDATED,Vaulted Deep,BiCRS,Biomass Carbon Removal and Storage
iss_1JC4048KE1S0XZVQ,2024-11-07T19:02:57.950078+00:00,86.93,prj_1J4P33N6W1S0RKE2,Loblolly Project,V093,OVER_ONE_THOUSAND_YEARS,United States of America,USA,VALIDATED,Graphyte,BiCRS,Biomass Carbon Removal and Storage
iss_1JBA48V531S0RBBJ,2024-10-28T17:55:07.102793+00:00,1193.92,prj_1HHYZFVGW1S044ZY,Great Plains Organic Waste Sequestration,01P4,OVER_ONE_THOUSAND_YEARS,United States of America,USA,VALIDATED,Vaulted Deep,BiCRS,Biomass Carbon Removal and Storage
iss_1J9C0ZMP91S03J83,2024-10-04T15:04:45.120445+00:00,852.26,prj_1HHYZFVGW1S044ZY,Great Plains Organic Waste Sequestration,01P4,OVER_ONE_THOUSAND_YEARS,United States of America,USA,VALIDATED,Vaulted Deep,BiCRS,Biomass Carbon Removal and Storage
iss_1J6FR4ZJ61S02VQQ,2024-08-29T19:00:15.164252+00:00,1240.96,prj_1HHYZFVGW1S044ZY,Great Plains Organic Waste Sequestration,01P4,OVER_ONE_THOUSAND_YEARS,United States of America,USA,VALIDATED,Vaulted Deep,BiCRS,Biomass Carbon Removal and Storage
iss_1J5QB89FD1S0CJGB,2024-08-20T07:33:05.733829+00:00,107.21,prj_1HZSSWBQM1S08H83,Charm Bio-oil Geologic Storage,7BDE,OVER_ONE_THOUSAND_YEARS,United States of America,USA,VALIDATED,Charm Industrial,BiCRS,Biomass Carbon Removal and Storage
iss_1J531RY9W1S01G3V,2024-08-12T10:22:37.008556+00:00,843.55,prj_1HHYZFVGW1S044ZY,Great Plains Organic Waste Sequestration,01P4,OVER_ONE_THOUSAND_YEARS,United States of America,USA,VALIDATED,Vaulted Deep,BiCRS,Biomass Carbon Removal and Storage
iss_1J2KTSN221S0E2M2,2024-07-12T16:00:40.126048+00:00,684.31,prj_1HHYZFVGW1S044ZY,Great Plains Organic Waste Sequestration,01P4,OVER_ONE_THOUSAND_YEARS,United States of America,USA,VALIDATED,Vaulted Deep,BiCRS,Biomass Carbon Removal and Storage
iss_1HV486YMS1S01YX0,2024-04-10T14:57:30.614326+00:00,336.89,prj_1HHYZFVGW1S044ZY,Great Plains Organic Waste Sequestration,01P4,OVER_ONE_THOUSAND_YEARS,United States of America,USA,VALIDATED,Vaulted Deep,BiCRS,Biomass Carbon Removal and Storage
iss_1HV486YMS1S0T042,2024-04-10T14:57:23.714951+00:00,736.08,prj_1HHYZFVGW1S044ZY,Great Plains Organic Waste Sequestration,01P4,OVER_ONE_THOUSAND_YEARS,United States of America,USA,VALIDATED,Vaulted Deep,BiCRS,Biomass Carbon Removal and Storage
iss_1HJB45W9G1S0JY8D,2023-12-23T10:40:36.523391+00:00,5.82,prj_1HHYZFVGW1S044ZY,Great Plains Organic Waste Sequestration,01P4,OVER_ONE_THOUSAND_YEARS,United States of America,USA,VALIDATED,Vaulted Deep,BiCRS,Biomass Carbon Removal and Storage
iss_1HJB45W9G1S0QZNE,2023-12-23T10:40:36.434893+00:00,5.87,prj_1HHYZFVGW1S044ZY,Great Plains Organic Waste Sequestration,01P4,OVER_ONE_THOUSAND_YEARS,United States of America,USA,VALIDATED,Vaulted Deep,BiCRS,Biomass Carbon Removal and Storage
iss_1HJB45W9G1S0X12F,2023-12-23T10:40:36.352833+00:00,5.95,prj_1HHYZFVGW1S044ZY,Great Plains Organic Waste Sequestration,01P4,OVER_ONE_THOUSAND_YEARS,United States of America,USA,VALIDATED,Vaulted Deep,BiCRS,Biomass Carbon Removal and Storage
iss_1HJB45W9G1S022FG,2023-12-23T10:40:36.270508+00:00,6.86,prj_1HHYZFVGW1S044ZY,Great Plains Organic Waste Sequestration,01P4,OVER_ONE_THOUSAND_YEARS,United States of America,USA,VALIDATED,Vaulted Deep,BiCRS,Biomass Carbon Removal and Storage
iss_1HJB45W9G1S073WH,2023-12-23T10:40:36.185481+00:00,7.11,prj_1HHYZFVGW1S044ZY,Great Plains Organic Waste Sequestration,01P4,OVER_ONE_THOUSAND_YEARS,United States of America,USA,VALIDATED,Vaulted Deep,BiCRS,Biomass Carbon Removal and Storage
iss_1HJB45W9G1S0C59J,2023-12-23T10:40:36.103153+00:00,5.56,prj_1HHYZFVGW1S044ZY,Great Plains Organic Waste Sequestration,01P4,OVER_ONE_THOUSAND_YEARS,United States of America,USA,VALIDATED,Vaulted Deep,BiCRS,Biomass Carbon Removal and Storage
iss_1HJB45W9G1S0H6PK,2023-12-23T10:40:36.014978+00:00,7.42,prj_1HHYZFVGW1S044ZY,Great Plains Organic Waste Sequestration,01P4,OVER_ONE_THOUSAND_YEARS,United States of America,USA,VALIDATED,Vaulted Deep,BiCRS,Biomass Carbon Removal and Storage
iss_1HJB45W9G1S0P83M,2023-12-23T10:40:35.939832+00:00,6.05,prj_1HHYZFVGW1S044ZY,Great Plains Organic Waste Sequestration,01P4,OVER_ONE_THOUSAND_YEARS,United States of America,USA,VALIDATED,Vaulted Deep,BiCRS,Biomass Carbon Removal and Storage
iss_1HJB45W9G1S0V9GN,2023-12-23T10:40:35.842376+00:00,7.44,prj_1HHYZFVGW1S044ZY,Great Plains Organic Waste Sequestration,01P4,OVER_ONE_THOUSAND_YEARS,United States of America,USA,VALIDATED,Vaulted Deep,BiCRS,Biomass Carbon Removal and Storage
iss_1HJB45W9G1S00AXP,2023-12-23T10:40:35.759210+00:00,6.66,prj_1HHYZFVGW1S044ZY,Great Plains Organic Waste Sequestration,01P4,OVER_ONE_THOUSAND_YEARS,United States of America,USA,VALIDATED,Vaulted Deep,BiCRS,Biomass Carbon Removal and Storage
iss_1HJB45W9G1S05CAQ,2023-12-23T10:40:35.654363+00:00,6.16,prj_1HHYZFVGW1S044ZY,Great Plains Organic Waste Sequestration,01P4,OVER_ONE_THOUSAND_YEARS,United States of America,USA,VALIDATED,Vaulted Deep,BiCRS,Biomass Carbon Removal and Storage
iss_1HJB45W9G1S0ADQR,2023-12-23T10:40:35.570943+00:00,6.6,prj_1HHYZFVGW1S044ZY,Great Plains Organic Waste Sequestration,01P4,OVER_ONE_THOUSAND_YEARS,United States of America,USA,VALIDATED,Vaulted Deep,BiCRS,Biomass Carbon Removal and Storage
iss_1HJB45W9G1S0FF4S,2023-12-23T10:40:35.488697+00:00,6.03,prj_1HHYZFVGW1S044ZY,Great Plains Organic Waste Sequestration,01P4,OVER_ONE_THOUSAND_YEARS,United States of America,USA,VALIDATED,Vaulted Deep,BiCRS,Biomass Carbon Removal and Storage
iss_1HJB45W9G1S0MGHT,2023-12-23T10:40:35.415083+00:00,4.54,prj_1HHYZFVGW1S044ZY,Great Plains Organic Waste Sequestration,01P4,OVER_ONE_THOUSAND_YEARS,United States of America,USA,VALIDATED,Vaulted Deep,BiCRS,Biomass Carbon Removal and Storage
iss_1HJB45W9G1S0SHYV,2023-12-23T10:40:35.339861+00:00,6.37,prj_1HHYZFVGW1S044ZY,Great Plains Organic Waste Sequestration,01P4,OVER_ONE_THOUSAND_YEARS,United States of America,USA,VALIDATED,Vaulted Deep,BiCRS,Biomass Carbon Removal and Storage
iss_1HJB45W9G1S0YKBW,2023-12-23T10:40:35.263443+00:00,6.22,prj_1HHYZFVGW1S044ZY,Great Plains Organic Waste Sequestration,01P4,OVER_ONE_THOUSAND_YEARS,United States of America,USA,VALIDATED,Vaulted Deep,BiCRS,Biomass Carbon Removal and Storage
iss_1HJB45W9G1S03MRX,2023-12-23T10:40:35.175247+00:00,8.63,prj_1HHYZFVGW1S044ZY,Great Plains Organic Waste Sequestration,01P4,OVER_ONE_THOUSAND_YEARS,United States of America,USA,VALIDATED,Vaulted Deep,BiCRS,Biomass Carbon Removal and Storage
iss_1HJB45W9G1S08P5Y,2023-12-23T10:40:35.094017+00:00,6.34,prj_1HHYZFVGW1S044ZY,Great Plains Organic Waste Sequestration,01P4,OVER_ONE_THOUSAND_YEARS,United States of America,USA,VALIDATED,Vaulted Deep,BiCRS,Biomass Carbon Removal and Storage
iss_1HJB45W9G1S0DQJZ,2023-12-23T10:40:35.015076+00:00,6.37,prj_1HHYZFVGW1S044ZY,Great Plains Organic Waste Sequestration,01P4,OVER_ONE_THOUSAND_YEARS,United States of America,USA,VALIDATED,Vaulted Deep,BiCRS,Biomass Carbon Removal and Storage
iss_1HJB45W9G1S0JS00,2023-12-23T10:40:34.934915+00:00,5.35,prj_1HHYZFVGW1S044ZY,Great Plains Organic Waste Sequestration,01P4,OVER_ONE_THOUSAND_YEARS,United States of America,USA,VALIDATED,Vaulted Deep,BiCRS,Biomass Carbon Removal and Storage
iss_1HJB45W9G1S0QTD1,2023-12-23T10:40:34.850996+00:00,6.3,prj_1HHYZFVGW1S044ZY,Great Plains Organic Waste Sequestration,01P4,OVER_ONE_THOUSAND_YEARS,United States of America,USA,VALIDATED,Vaulted Deep,BiCRS,Biomass Carbon Removal and Storage
iss_1HJB45W9G1S0WVT2,2023-12-23T10:40:34.734373+00:00,5.8,prj_1HHYZFVGW1S044ZY,Great Plains Organic Waste Sequestration,01P4,OVER_ONE_THOUSAND_YEARS,United States of America,USA,VALIDATED,Vaulted Deep,BiCRS,Biomass Carbon Removal and Storage
iss_1HJB45W9G1S01X73,2023-12-23T10:40:34.318620+00:00,5.68,prj_1HHYZFVGW1S044ZY,Great Plains Organic Waste Sequestration,01P4,OVER_ONE_THOUSAND_YEARS,United States of America,USA,VALIDATED,Vaulted Deep,BiCRS,Biomass Carbon Removal and Storage
iss_1HJB45W9G1S06YM4,2023-12-23T10:40:34.240619+00:00,5.47,prj_1HHYZFVGW1S044ZY,Great Plains Organic Waste Sequestration,01P4,OVER_ONE_THOUSAND_YEARS,United States of America,USA,VALIDATED,Vaulted Deep,BiCRS,Biomass Carbon Removal and Storage
iss_1HJB45W9G1S0C015,2023-12-23T10:40:34.163392+00:00,7.02,prj_1HHYZFVGW1S044ZY,Great Plains Organic Waste Sequestration,01P4,OVER_ONE_THOUSAND_YEARS,United States of America,USA,VALIDATED,Vaulted Deep,BiCRS,Biomass Carbon Removal and Storage
iss_1HJB45W9G1S0H1E6,2023-12-23T10:40:34.059710+00:00,6.41,prj_1HHYZFVGW1S044ZY,Great Plains Organic Waste Sequestration,01P4,OVER_ONE_THOUSAND_YEARS,United States of America,USA,VALIDATED,Vaulted Deep,BiCRS,Biomass Carbon Removal and Storage
iss_1HJB45W9G1S0P2V7,2023-12-23T10:40:33.949996+00:00,7.0,prj_1HHYZFVGW1S044ZY,Great Plains Organic Waste Sequestration,01P4,OVER_ONE_THOUSAND_YEARS,United States of America,USA,VALIDATED,Vaulted Deep,BiCRS,Biomass Carbon Removal and Storage
iss_1HJB45W9G1S0V488,2023-12-23T10:40:33.841073+00:00,5.58,prj_1HHYZFVGW1S044ZY,Great Plains Organic Waste Sequestration,01P4,OVER_ONE_THOUSAND_YEARS,United States of America,USA,VALIDATED,Vaulted Deep,BiCRS,Biomass Carbon Removal and Storage
iss_1HJB45W9G1S005N9,2023-12-23T10:40:33.755805+00:00,6.3,prj_1HHYZFVGW1S044ZY,Great Plains Organic Waste Sequestration,01P4,OVER_ONE_THOUSAND_YEARS,United States of America,USA,VALIDATED,Vaulted Deep,BiCRS,Biomass Carbon Removal and Storage
iss_1HJB45W9G1S0572A,2023-12-23T10:40:33.674258+00:00,5.31,prj_1HHYZFVGW1S044ZY,Great Plains Organic Waste Sequestration,01P4,OVER_ONE_THOUSAND_YEARS,United States of America,USA,VALIDATED,Vaulted Deep,BiCRS,Biomass Carbon Removal and Storage
iss_1HJB45W9G1S0A8FB,2023-12-23T10:40:33.593034+00:00,6.34,prj_1HHYZFVGW1S044ZY,Great Plains Organic Waste Sequestration,01P4,OVER_ONE_THOUSAND_YEARS,United States of America,USA,VALIDATED,Vaulted Deep,BiCRS,Biomass Carbon Removal and Storage
iss_1HJB45W9G1S0F9WC,2023-12-23T10:40:33.521689+00:00,6.15,prj_1HHYZFVGW1S044ZY,Great Plains Organic Waste Sequestration,01P4,OVER_ONE_THOUSAND_YEARS,United States of America,USA,VALIDATED,Vaulted Deep,BiCRS,Biomass Carbon Removal and Storage
iss_1HJB45W9G1S0MB9D,2023-12-23T10:40:33.446053+00:00,6.41,prj_1HHYZFVGW1S044ZY,Great Plains Organic Waste Sequestration,01P4,OVER_ONE_THOUSAND_YEARS,United States of America,USA,VALIDATED,Vaulted Deep,BiCRS,Biomass Carbon Removal and Storage
iss_1HJB45W9G1S0SCPE,2023-12-23T10:40:33.347576+00:00,6.23,prj_1HHYZFVGW1S044ZY,Great Plains Organic Waste Sequestration,01P4,OVER_ONE_THOUSAND_YEARS,United States of America,USA,VALIDATED,Vaulted Deep,BiCRS,Biomass Carbon Removal and Storage
iss_1HJB45W9G1S0YE3F,2023-12-23T10:40:33.270505+00:00,6.38,prj_1HHYZFVGW1S044ZY,Great Plains Organic Waste Sequestration,01P4,OVER_ONE_THOUSAND_YEARS,United States of America,USA,VALIDATED,Vaulted Deep,BiCRS,Biomass Carbon Removal and Storage
iss_1HJB45W9G1S03FGG,2023-12-23T10:40:33.195354+00:00,5.62,prj_1HHYZFVGW1S044ZY,Great Plains Organic Waste Sequestration,01P4,OVER_ONE_THOUSAND_YEARS,United States of America,USA,VALIDATED,Vaulted Deep,BiCRS,Biomass Carbon Removal and Storage
iss_1HJB45W9G1S08GXH,2023-12-23T10:40:33.116485+00:00,6.18,prj_1HHYZFVGW1S044ZY,Great Plains Organic Waste Sequestration,01P4,OVER_ONE_THOUSAND_YEARS,United States of America,USA,VALIDATED,Vaulted Deep,BiCRS,Biomass Carbon Removal and Storage
iss_1HJB45W9G1S0DJAJ,2023-12-23T10:40:33.045400+00:00,5.35,prj_1HHYZFVGW1S044ZY,Great Plains Organic Waste Sequestration,01P4,OVER_ONE_THOUSAND_YEARS,United States of America,USA,VALIDATED,Vaulted Deep,BiCRS,Biomass Carbon Removal and Storage
iss_1HJB45W9G1S0JKQK,2023-12-23T10:40:32.963360+00:00,6.3,prj_1HHYZFVGW1S044ZY,Great Plains Organic Waste Sequestration,01P4,OVER_ONE_THOUSAND_YEARS,United States of America,USA,VALIDATED,Vaulted Deep,BiCRS,Biomass Carbon Removal and Storage
iss_1HJB45W9G1S0QN4M,2023-12-23T10:40:32.888434+00:00,6.69,prj_1HHYZFVGW1S044ZY,Great Plains Organic Waste Sequestration,01P4,OVER_ONE_THOUSAND_YEARS,United States of America,USA,VALIDATED,Vaulted Deep,BiCRS,Biomass Carbon Removal and Storage
iss_1HJB45W9G1S0WPHN,2023-12-23T10:40:32.816092+00:00,6.63,prj_1HHYZFVGW1S044ZY,Great Plains Organic Waste Sequestration,01P4,OVER_ONE_THOUSAND_YEARS,United States of America,USA,VALIDATED,Vaulted Deep,BiCRS,Biomass Carbon Removal and Storage
iss_1HJB45W9G1S01QYP,2023-12-23T10:40:32.746038+00:00,5.93,prj_1HHYZFVGW1S044ZY,Great Plains Organic Waste Sequestration,01P4,OVER_ONE_THOUSAND_YEARS,United States of America,USA,VALIDATED,Vaulted Deep,BiCRS,Biomass Carbon Removal and Storage
iss_1HJB45W9G1S06SBQ,2023-12-23T10:40:32.673791+00:00,6.04,prj_1HHYZFVGW1S044ZY,Great Plains Organic Waste Sequestration,01P4,OVER_ONE_THOUSAND_YEARS,United States of America,USA,VALIDATED,Vaulted Deep,BiCRS,Biomass Carbon Removal and Storage
iss_1HJB45W9G1S0BTRR,2023-12-23T10:40:32.588386+00:00,6.31,prj_1HHYZFVGW1S044ZY,Great Plains Organic Waste Sequestration,01P4,OVER_ONE_THOUSAND_YEARS,United States of America,USA,VALIDATED,Vaulted Deep,BiCRS,Biomass Carbon Removal and Storage
iss_1HJB45W9G1S0GW5S,2023-12-23T10:40:32.518237+00:00,6.25,prj_1HHYZFVGW1S044ZY,Great Plains Organic Waste Sequestration,01P4,OVER_ONE_THOUSAND_YEARS,United States of America,USA,VALIDATED,Vaulted Deep,BiCRS,Biomass Carbon Removal and Storage
iss_1HJB45W9G1S0NXJT,2023-12-23T10:40:32.447911+00:00,6.44,prj_1HHYZFVGW1S044ZY,Great Plains Organic Waste Sequestration,01P4,OVER_ONE_THOUSAND_YEARS,United States of America,USA,VALIDATED,Vaulted Deep,BiCRS,Biomass Carbon Removal and Storage
iss_1HJB45W9G1S0TYZV,2023-12-23T10:40:32.348318+00:00,7.04,prj_1HHYZFVGW1S044ZY,Great Plains Organic Waste Sequestration,01P4,OVER_ONE_THOUSAND_YEARS,United States of America,USA,VALIDATED,Vaulted Deep,BiCRS,Biomass Carbon Removal and Storage
iss_1HJB45W9G1S000CW,2023-12-23T10:40:32.276184+00:00,5.7,prj_1HHYZFVGW1S044ZY,Great Plains Organic Waste Sequestration,01P4,OVER_ONE_THOUSAND_YEARS,United States of America,USA,VALIDATED,Vaulted Deep,BiCRS,Biomass Carbon Removal and Storage
iss_1HJB45W9G1S051SX,2023-12-23T10:40:32.208525+00:00,7.05,prj_1HHYZFVGW1S044ZY,Great Plains Organic Waste Sequestration,01P4,OVER_ONE_THOUSAND_YEARS,United States of America,USA,VALIDATED,Vaulted Deep,BiCRS,Biomass Carbon Removal and Storage
iss_1HJB45W9G1S0A36Y,2023-12-23T10:40:32.133201+00:00,6.84,prj_1HHYZFVGW1S044ZY,Great Plains Organic Waste Sequestration,01P4,OVER_ONE_THOUSAND_YEARS,United States of America,USA,VALIDATED,Vaulted Deep,BiCRS,Biomass Carbon Removal and Storage
iss_1HJB45W9G1S0F4KZ,2023-12-23T10:40:32.046356+00:00,6.71,prj_1HHYZFVGW1S044ZY,Great Plains Organic Waste Sequestration,01P4,OVER_ONE_THOUSAND_YEARS,United States of America,USA,VALIDATED,Vaulted Deep,BiCRS,Biomass Carbon Removal and Storage
iss_1HJB45W9G1S0M610,2023-12-23T10:40:31.977100+00:00,6.26,prj_1HHYZFVGW1S044ZY,Great Plains Organic Waste Sequestration,01P4,OVER_ONE_THOUSAND_YEARS,United States of America,USA,VALIDATED,Vaulted Deep,BiCRS,Biomass Carbon Removal and Storage
iss_1HJB45W9G1S0S7E1,2023-12-23T10:40:31.904815+00:00,6.5,prj_1HHYZFVGW1S044ZY,Great Plains Organic Waste Sequestration,01P4,OVER_ONE_THOUSAND_YEARS,United States of America,USA,VALIDATED,Vaulted Deep,BiCRS,Biomass Carbon Removal and Storage
iss_1HJB45W9G1S0Y8V2,2023-12-23T10:40:31.825983+00:00,6.68,prj_1HHYZFVGW1S044ZY,Great Plains Organic Waste Sequestration,01P4,OVER_ONE_THOUSAND_YEARS,United States of America,USA,VALIDATED,Vaulted Deep,BiCRS,Biomass Carbon Removal and Storage
iss_1HJB45W9G1S03A83,2023-12-23T10:40:31.751844+00:00,6.72,prj_1HHYZFVGW1S044ZY,Great Plains Organic Waste Sequestration,01P4,OVER_ONE_THOUSAND_YEARS,United States of America,USA,VALIDATED,Vaulted Deep,BiCRS,Biomass Carbon Removal and Storage
iss_1HJB45W9G1S08BN4,2023-12-23T10:40:31.651691+00:00,5.9,prj_1HHYZFVGW1S044ZY,Great Plains Organic Waste Sequestration,01P4,OVER_ONE_THOUSAND_YEARS,United States of America,USA,VALIDATED,Vaulted Deep,BiCRS,Biomass Carbon Removal and Storage
iss_1HJB45W9G1S0DD25,2023-12-23T10:40:31.530050+00:00,6.48,prj_1HHYZFVGW1S044ZY,Great Plains Organic Waste Sequestration,01P4,OVER_ONE_THOUSAND_YEARS,United States of America,USA,VALIDATED,Vaulted Deep,BiCRS,Biomass Carbon Removal and Storage
iss_1HJB45W9G1S0JEF6,2023-12-23T10:40:31.105511+00:00,6.28,prj_1HHYZFVGW1S044ZY,Great Plains Organic Waste Sequestration,01P4,OVER_ONE_THOUSAND_YEARS,United States of America,USA,VALIDATED,Vaulted Deep,BiCRS,Biomass Carbon Removal and Storage
iss_1HJB45W9G1S0QFW7,2023-12-23T10:40:31.011456+00:00,6.61,prj_1HHYZFVGW1S044ZY,Great Plains Organic Waste Sequestration,01P4,OVER_ONE_THOUSAND_YEARS,United States of America,USA,VALIDATED,Vaulted Deep,BiCRS,Biomass Carbon Removal and Storage
iss_1HJB45W9G1S0WH98,2023-12-23T10:40:30.908994+00:00,6.88,prj_1HHYZFVGW1S044ZY,Great Plains Organic Waste Sequestration,01P4,OVER_ONE_THOUSAND_YEARS,United States of America,USA,VALIDATED,Vaulted Deep,BiCRS,Biomass Carbon Removal and Storage
iss_1HJB45W9G1S01JP9,2023-12-23T10:40:30.836171+00:00,6.09,prj_1HHYZFVGW1S044ZY,Great Plains Organic Waste Sequestration,01P4,OVER_ONE_THOUSAND_YEARS,United States of America,USA,VALIDATED,Vaulted Deep,BiCRS,Biomass Carbon Removal and Storage
iss_1HJB45W9G1S06M3A,2023-12-23T10:40:30.737971+00:00,6.27,prj_1HHYZFVGW1S044ZY,Great Plains Organic Waste Sequestration,01P4,OVER_ONE_THOUSAND_YEARS,United States of America,USA,VALIDATED,Vaulted Deep,BiCRS,Biomass Carbon Removal and Storage
iss_1HJB45W9G1S0BNGB,2023-12-23T10:40:30.661111+00:00,6.04,prj_1HHYZFVGW1S044ZY,Great Plains Organic Waste Sequestration,01P4,OVER_ONE_THOUSAND_YEARS,United States of America,USA,VALIDATED,Vaulted Deep,BiCRS,Biomass Carbon Removal and Storage
iss_1HJB45W9G1S0GPXC,2023-12-23T10:40:30.548486+00:00,7.02,prj_1HHYZFVGW1S044ZY,Great Plains Organic Waste Sequestration,01P4,OVER_ONE_THOUSAND_YEARS,United States of America,USA,VALIDATED,Vaulted Deep,BiCRS,Biomass Carbon Removal and Storage
iss_1HJB45W9G1S0NRAD,2023-12-23T10:40:30.459813+00:00,6.78,prj_1HHYZFVGW1S044ZY,Great Plains Organic Waste Sequestration,01P4,OVER_ONE_THOUSAND_YEARS,United States of America,USA,VALIDATED,Vaulted Deep,BiCRS,Biomass Carbon Removal and Storage
iss_1HJB45W9G1S0TSQE,2023-12-23T10:40:30.395218+00:00,6.26,prj_1HHYZFVGW1S044ZY,Great Plains Organic Waste Sequestration,01P4,OVER_ONE_THOUSAND_YEARS,United States of America,USA,VALIDATED,Vaulted Deep,BiCRS,Biomass Carbon Removal and Storage
iss_1HJB45W9G1S0ZV4F,2023-12-23T10:40:30.330212+00:00,8.27,prj_1HHYZFVGW1S044ZY,Great Plains Organic Waste Sequestration,01P4,OVER_ONE_THOUSAND_YEARS,United States of America,USA,VALIDATED,Vaulted Deep,BiCRS,Biomass Carbon Removal and Storage
iss_1HJB45W9G1S04WHG,2023-12-23T10:40:30.262421+00:00,6.1,prj_1HHYZFVGW1S044ZY,Great Plains Organic Waste Sequestration,01P4,OVER_ONE_THOUSAND_YEARS,United States of America,USA,VALIDATED,Vaulted Deep,BiCRS,Biomass Carbon Removal and Storage
iss_1HJB45W9G1S09XYH,2023-12-23T10:40:30.190310+00:00,6.19,prj_1HHYZFVGW1S044ZY,Great Plains Organic Waste Sequestration,01P4,OVER_ONE_THOUSAND_YEARS,United States of America,USA,VALIDATED,Vaulted Deep,BiCRS,Biomass Carbon Removal and Storage
iss_1HJB45W9G1S0EZBJ,2023-12-23T10:40:30.112981+00:00,5.04,prj_1HHYZFVGW1S044ZY,Great Plains Organic Waste Sequestration,01P4,OVER_ONE_THOUSAND_YEARS,United States of America,USA,VALIDATED,Vaulted Deep,BiCRS,Biomass Carbon Removal and Storage
iss_1HJB45W9G1S0M0RK,2023-12-23T10:40:30.036262+00:00,6.39,prj_1HHYZFVGW1S044ZY,Great Plains Organic Waste Sequestration,01P4,OVER_ONE_THOUSAND_YEARS,United States of America,USA,VALIDATED,Vaulted Deep,BiCRS,Biomass Carbon Removal and Storage
iss_1HJB45W9G1S0S25M,2023-12-23T10:40:29.957537+00:00,6.48,prj_1HHYZFVGW1S044ZY,Great Plains Organic Waste Sequestration,01P4,OVER_ONE_THOUSAND_YEARS,United States of America,USA,VALIDATED,Vaulted Deep,BiCRS,Biomass Carbon Removal and Storage
iss_1HJB45W9G1S0Y3JN,2023-12-23T10:40:29.857091+00:00,6.2,prj_1HHYZFVGW1S044ZY,Great Plains Organic Waste Sequestration,01P4,OVER_ONE_THOUSAND_YEARS,United States of America,USA,VALIDATED,Vaulted Deep,BiCRS,Biomass Carbon Removal and Storage
iss_1HJB45W9G1S034ZP,2023-12-23T10:40:29.789818+00:00,6.18,prj_1HHYZFVGW1S044ZY,Great Plains Organic Waste Sequestration,01P4,OVER_ONE_THOUSAND_YEARS,United States of America,USA,VALIDATED,Vaulted Deep,BiCRS,Biomass Carbon Removal and Storage
iss_1HJB45W9G1S086CQ,2023-12-23T10:40:29.720284+00:00,6.81,prj_1HHYZFVGW1S044ZY,Great Plains Organic Waste Sequestration,01P4,OVER_ONE_THOUSAND_YEARS,United States of America,USA,VALIDATED,Vaulted Deep,BiCRS,Biomass Carbon Removal and Storage
iss_1HJB45W9G1S0D7SR,2023-12-23T10:40:29.650322+00:00,6.39,prj_1HHYZFVGW1S044ZY,Great Plains Organic Waste Sequestration,01P4,OVER_ONE_THOUSAND_YEARS,United States of America,USA,VALIDATED,Vaulted Deep,BiCRS,Biomass Carbon Removal and Storage
iss_1HJB45W9G1S0J96S,2023-12-23T10:40:29.577667+00:00,9.63,prj_1HHYZFVGW1S044ZY,Great Plains Organic Waste Sequestration,01P4,OVER_ONE_THOUSAND_YEARS,United States of America,USA,VALIDATED,Vaulted Deep,BiCRS,Biomass Carbon Removal and Storage
iss_1HJB45W9G1S0QAKT,2023-12-23T10:40:29.510143+00:00,6.17,prj_1HHYZFVGW1S044ZY,Great Plains Organic Waste Sequestration,01P4,OVER_ONE_THOUSAND_YEARS,United States of America,USA,VALIDATED,Vaulted Deep,BiCRS,Biomass Carbon Removal and Storage
iss_1HJB45W9G1S0WC0V,2023-12-23T10:40:29.445220+00:00,5.89,prj_1HHYZFVGW1S044ZY,Great Plains Organic Waste Sequestration,01P4,OVER_ONE_THOUSAND_YEARS,United States of America,USA,VALIDATED,Vaulted Deep,BiCRS,Biomass Carbon Removal and Storage
iss_1HJB45W9G1S01DDW,2023-12-23T10:40:29.374007+00:00,6.57,prj_1HHYZFVGW1S044ZY,Great Plains Organic Waste Sequestration,01P4,OVER_ONE_THOUSAND_YEARS,United States of America,USA,VALIDATED,Vaulted Deep,BiCRS,Biomass Carbon Removal and Storage
iss_1HJB45W9G1S06ETX,2023-12-23T10:40:29.305547+00:00,7.22,prj_1HHYZFVGW1S044ZY,Great Plains Organic Waste Sequestration,01P4,OVER_ONE_THOUSAND_YEARS,United States of America,USA,VALIDATED,Vaulted Deep,BiCRS,Biomass Carbon Removal and Storage
iss_1HJB45W9G1S0BG7Y,2023-12-23T10:40:29.241547+00:00,5.6,prj_1HHYZFVGW1S044ZY,Great Plains Organic Waste Sequestration,01P4,OVER_ONE_THOUSAND_YEARS,United States of America,USA,VALIDATED,Vaulted Deep,BiCRS,Biomass Carbon Removal and Storage
iss_1HJB45W9G1S0GHMZ,2023-12-23T10:40:29.179142+00:00,6.12,prj_1HHYZFVGW1S044ZY,Great Plains Organic Waste Sequestration,01P4,OVER_ONE_THOUSAND_YEARS,United States of America,USA,VALIDATED,Vaulted Deep,BiCRS,Biomass Carbon Removal and Storage
iss_1HJB45W9G1S0NK20,2023-12-23T10:40:29.089104+00:00,6.34,prj_1HHYZFVGW1S044ZY,Great Plains Organic Waste Sequestration,01P4,OVER_ONE_THOUSAND_YEARS,United States of America,USA,VALIDATED,Vaulted Deep,BiCRS,Biomass Carbon Removal and Storage
iss_1HJB45W9G1S0TMF1,2023-12-23T10:40:28.998337+00:00,6.26,prj_1HHYZFVGW1S044ZY,Great Plains Organic Waste Sequestration,01P4,OVER_ONE_THOUSAND_YEARS,United States of America,USA,VALIDATED,Vaulted Deep,BiCRS,Biomass Carbon Removal and Storage
iss_1HJB45W9G1S0ZNW2,2023-12-23T10:40:28.930199+00:00,6.35,prj_1HHYZFVGW1S044ZY,Great Plains Organic Waste Sequestration,01P4,OVER_ONE_THOUSAND_YEARS,United States of America,USA,VALIDATED,Vaulted Deep,BiCRS,Biomass Carbon Removal and Storage
iss_1HJB45W9G1S04Q93,2023-12-23T10:40:28.866769+00:00,6.86,prj_1HHYZFVGW1S044ZY,Great Plains Organic Waste Sequestration,01P4,OVER_ONE_THOUSAND_YEARS,United States of America,USA,VALIDATED,Vaulted Deep,BiCRS,Biomass Carbon Removal and Storage
iss_1HJB45W9G1S09RP4,2023-12-23T10:40:28.798816+00:00,6.43,prj_1HHYZFVGW1S044ZY,Great Plains Organic Waste Sequestration,01P4,OVER_ONE_THOUSAND_YEARS,United States of America,USA,VALIDATED,Vaulted Deep,BiCRS,Biomass Carbon Removal and Storage
iss_1HJB45W9G1S0ET35,2023-12-23T10:40:28.728899+00:00,6.42,prj_1HHYZFVGW1S044ZY,Great Plains Organic Waste Sequestration,01P4,OVER_ONE_THOUSAND_YEARS,United States of America,USA,VALIDATED,Vaulted Deep,BiCRS,Biomass Carbon Removal and Storage
iss_1HJB45W9G1S0KVG6,2023-12-23T10:40:28.662755+00:00,6.17,prj_1HHYZFVGW1S044ZY,Great Plains Organic Waste Sequestration,01P4,OVER_ONE_THOUSAND_YEARS,United States of America,USA,VALIDATED,Vaulted Deep,BiCRS,Biomass Carbon Removal and Storage
iss_1HJB45W9G1S0RWX7,2023-12-23T10:40:28.580862+00:00,6.24,prj_1HHYZFVGW1S044ZY,Great Plains Organic Waste Sequestration,01P4,OVER_ONE_THOUSAND_YEARS,United States of America,USA,VALIDATED,Vaulted Deep,BiCRS,Biomass Carbon Removal and Storage
iss_1HJB45W9G1S0XYA8,2023-12-23T10:40:28.510957+00:00,6.81,prj_1HHYZFVGW1S044ZY,Great Plains Organic Waste Sequestration,01P4,OVER_ONE_THOUSAND_YEARS,United States of America,USA,VALIDATED,Vaulted Deep,BiCRS,Biomass Carbon Removal and Storage
iss_1HJB45W9G1S02ZQ9,2023-12-23T10:40:28.442698+00:00,6.19,prj_1HHYZFVGW1S044ZY,Great Plains Organic Waste Sequestration,01P4,OVER_ONE_THOUSAND_YEARS,United States of America,USA,VALIDATED,Vaulted Deep,BiCRS,Biomass Carbon Removal and Storage
iss_1HJB45W9G1S0814A,2023-12-23T10:40:28.092647+00:00,5.27,prj_1HHYZFVGW1S044ZY,Great Plains Organic Waste Sequestration,01P4,OVER_ONE_THOUSAND_YEARS,United States of America,USA,VALIDATED,Vaulted Deep,BiCRS,Biomass Carbon Removal and Storage
iss_1HJB45W9G1S0D2HB,2023-12-23T10:40:28.024156+00:00,7.58,prj_1HHYZFVGW1S044ZY,Great Plains Organic Waste Sequestration,01P4,OVER_ONE_THOUSAND_YEARS,United States of America,USA,VALIDATED,Vaulted Deep,BiCRS,Biomass Carbon Removal and Storage
iss_1HJB45W9G1S0J3YC,2023-12-23T10:40:27.951856+00:00,6.79,prj_1HHYZFVGW1S044ZY,Great Plains Organic Waste Sequestration,01P4,OVER_ONE_THOUSAND_YEARS,United States of America,USA,VALIDATED,Vaulted Deep,BiCRS,Biomass Carbon Removal and Storage
iss_1HJB45W9G1S0Q5BD,2023-12-23T10:40:27.882540+00:00,6.14,prj_1HHYZFVGW1S044ZY,Great Plains Organic Waste Sequestration,01P4,OVER_ONE_THOUSAND_YEARS,United States of America,USA,VALIDATED,Vaulted Deep,BiCRS,Biomass Carbon Removal and Storage
iss_1HJB45W9G1S0W6RE,2023-12-23T10:40:27.790140+00:00,5.97,prj_1HHYZFVGW1S044ZY,Great Plains Organic Waste Sequestration,01P4,OVER_ONE_THOUSAND_YEARS,United States of America,USA,VALIDATED,Vaulted Deep,BiCRS,Biomass Carbon Removal and Storage
iss_1HJB45W9G1S0185F,2023-12-23T10:40:27.727440+00:00,6.49,prj_1HHYZFVGW1S044ZY,Great Plains Organic Waste Sequestration,01P4,OVER_ONE_THOUSAND_YEARS,United States of America,USA,VALIDATED,Vaulted Deep,BiCRS,Biomass Carbon Removal and Storage
iss_1HJB45W9G1S069JG,2023-12-23T10:40:27.663176+00:00,6.2,prj_1HHYZFVGW1S044ZY,Great Plains Organic Waste Sequestration,01P4,OVER_ONE_THOUSAND_YEARS,United States of America,USA,VALIDATED,Vaulted Deep,BiCRS,Biomass Carbon Removal and Storage
iss_1HJB45W9G1S0BAZH,2023-12-23T10:40:27.578619+00:00,6.99,prj_1HHYZFVGW1S044ZY,Great Plains Organic Waste Sequestration,01P4,OVER_ONE_THOUSAND_YEARS,United States of America,USA,VALIDATED,Vaulted Deep,BiCRS,Biomass Carbon Removal and Storage
iss_1HJB45W9G1S0GCCJ,2023-12-23T10:40:27.501788+00:00,5.84,prj_1HHYZFVGW1S044ZY,Great Plains Organic Waste Sequestration,01P4,OVER_ONE_THOUSAND_YEARS,United States of America,USA,VALIDATED,Vaulted Deep,BiCRS,Biomass Carbon Removal and Storage
iss_1HJB45W9G1S0NDSK,2023-12-23T10:40:27.430696+00:00,6.07,prj_1HHYZFVGW1S044ZY,Great Plains Organic Waste Sequestration,01P4,OVER_ONE_THOUSAND_YEARS,United States of America,USA,VALIDATED,Vaulted Deep,BiCRS,Biomass Carbon Removal and Storage
iss_1HJB45W9G1S0TF6M,2023-12-23T10:40:27.366213+00:00,6.51,prj_1HHYZFVGW1S044ZY,Great Plains Organic Waste Sequestration,01P4,OVER_ONE_THOUSAND_YEARS,United States of America,USA,VALIDATED,Vaulted Deep,BiCRS,Biomass Carbon Removal and Storage
iss_1HJB45W9G1S0ZGKN,2023-12-23T10:40:27.303429+00:00,7.09,prj_1HHYZFVGW1S044ZY,Great Plains Organic Waste Sequestration,01P4,OVER_ONE_THOUSAND_YEARS,United States of America,USA,VALIDATED,Vaulted Deep,BiCRS,Biomass Carbon Removal and Storage
iss_1HJB45W9G1S04J0P,2023-12-23T10:40:27.236797+00:00,6.17,prj_1HHYZFVGW1S044ZY,Great Plains Organic Waste Sequestration,01P4,OVER_ONE_THOUSAND_YEARS,United States of America,USA,VALIDATED,Vaulted Deep,BiCRS,Biomass Carbon Removal and Storage
iss_1HJB45W9G1S09KDQ,2023-12-23T10:40:27.170794+00:00,6.67,prj_1HHYZFVGW1S044ZY,Great Plains Organic Waste Sequestration,01P4,OVER_ONE_THOUSAND_YEARS,United States of America,USA,VALIDATED,Vaulted Deep,BiCRS,Biomass Carbon Removal and Storage
iss_1HJB45W9G1S0EMTR,2023-12-23T10:40:27.096914+00:00,6.32,prj_1HHYZFVGW1S044ZY,Great Plains Organic Waste Sequestration,01P4,OVER_ONE_THOUSAND_YEARS,United States of America,USA,VALIDATED,Vaulted Deep,BiCRS,Biomass Carbon Removal and Storage
iss_1HJB45W9G1S0KP7S,2023-12-23T10:40:27.028613+00:00,6.67,prj_1HHYZFVGW1S044ZY,Great Plains Organic Waste Sequestration,01P4,OVER_ONE_THOUSAND_YEARS,United States of America,USA,VALIDATED,Vaulted Deep,BiCRS,Biomass Carbon Removal and Storage
iss_1HJB45W9G1S0RQMT,2023-12-23T10:40:26.965776+00:00,6.53,prj_1HHYZFVGW1S044ZY,Great Plains Organic Waste Sequestration,01P4,OVER_ONE_THOUSAND_YEARS,United States of America,USA,VALIDATED,Vaulted Deep,BiCRS,Biomass Carbon Removal and Storage
iss_1HJB45W9G1S0XS1V,2023-12-23T10:40:26.868253+00:00,5.83,prj_1HHYZFVGW1S044ZY,Great Plains Organic Waste Sequestration,01P4,OVER_ONE_THOUSAND_YEARS,United States of America,USA,VALIDATED,Vaulted Deep,BiCRS,Biomass Carbon Removal and Storage
iss_1HJB45W9G1S02TEW,2023-12-23T10:40:26.806963+00:00,6.22,prj_1HHYZFVGW1S044ZY,Great Plains Organic Waste Sequestration,01P4,OVER_ONE_THOUSAND_YEARS,United States of America,USA,VALIDATED,Vaulted Deep,BiCRS,Biomass Carbon Removal and Storage
iss_1HJB45W9G1S07VVX,2023-12-23T10:40:26.745989+00:00,6.18,prj_1HHYZFVGW1S044ZY,Great Plains Organic Waste Sequestration,01P4,OVER_ONE_THOUSAND_YEARS,United States of America,USA,VALIDATED,Vaulted Deep,BiCRS,Biomass Carbon Removal and Storage
iss_1HJB45W9G1S0CX8Y,2023-12-23T10:40:26.683560+00:00,6.68,prj_1HHYZFVGW1S044ZY,Great Plains Organic Waste Sequestration,01P4,OVER_ONE_THOUSAND_YEARS,United States of America,USA,VALIDATED,Vaulted Deep,BiCRS,Biomass Carbon Removal and Storage
iss_1HJB45W9G1S0HYNZ,2023-12-23T10:40:26.572111+00:00,5.8,prj_1HHYZFVGW1S044ZY,Great Plains Organic Waste Sequestration,01P4,OVER_ONE_THOUSAND_YEARS,United States of America,USA,VALIDATED,Vaulted Deep,BiCRS,Biomass Carbon Removal and Storage
iss_1HJB45W9G1S0Q030,2023-12-23T10:40:26.505333+00:00,6.34,prj_1HHYZFVGW1S044ZY,Great Plains Organic Waste Sequestration,01P4,OVER_ONE_THOUSAND_YEARS,United States of America,USA,VALIDATED,Vaulted Deep,BiCRS,Biomass Carbon Removal and Storage
iss_1HJB45W9G1S0W1G1,2023-12-23T10:40:26.439517+00:00,6.93,prj_1HHYZFVGW1S044ZY,Great Plains Organic Waste Sequestration,01P4,OVER_ONE_THOUSAND_YEARS,United States of America,USA,VALIDATED,Vaulted Deep,BiCRS,Biomass Carbon Removal and Storage
iss_1HJB45W9G1S012X2,2023-12-23T10:40:26.373845+00:00,5.97,prj_1HHYZFVGW1S044ZY,Great Plains Organic Waste Sequestration,01P4,OVER_ONE_THOUSAND_YEARS,United States of America,USA,VALIDATED,Vaulted Deep,BiCRS,Biomass Carbon Removal and Storage
iss_1HJB45W9G1S064A3,2023-12-23T10:40:26.305936+00:00,6.78,prj_1HHYZFVGW1S044ZY,Great Plains Organic Waste Sequestration,01P4,OVER_ONE_THOUSAND_YEARS,United States of America,USA,VALIDATED,Vaulted Deep,BiCRS,Biomass Carbon Removal and Storage
iss_1HJB45W9G1S0B5Q4,2023-12-23T10:40:26.243499+00:00,6.93,prj_1HHYZFVGW1S044ZY,Great Plains Organic Waste Sequestration,01P4,OVER_ONE_THOUSAND_YEARS,United States of America,USA,VALIDATED,Vaulted Deep,BiCRS,Biomass Carbon Removal and Storage
iss_1HJB45W9G1S0G745,2023-12-23T10:40:26.185245+00:00,5.83,prj_1HHYZFVGW1S044ZY,Great Plains Organic Waste Sequestration,01P4,OVER_ONE_THOUSAND_YEARS,United States of America,USA,VALIDATED,Vaulted Deep,BiCRS,Biomass Carbon Removal and Storage
iss_1HJB45W9G1S0N8H6,2023-12-23T10:40:26.124402+00:00,6.83,prj_1HHYZFVGW1S044ZY,Great Plains Organic Waste Sequestration,01P4,OVER_ONE_THOUSAND_YEARS,United States of America,USA,VALIDATED,Vaulted Deep,BiCRS,Biomass Carbon Removal and Storage
iss_1HJB45W9G1S0T9Y7,2023-12-23T10:40:26.063516+00:00,6.51,prj_1HHYZFVGW1S044ZY,Great Plains Organic Waste Sequestration,01P4,OVER_ONE_THOUSAND_YEARS,United States of America,USA,VALIDATED,Vaulted Deep,BiCRS,Biomass Carbon Removal and Storage
iss_1HJB45W9G1S0ZBB8,2023-12-23T10:40:25.974692+00:00,6.67,prj_1HHYZFVGW1S044ZY,Great Plains Organic Waste Sequestration,01P4,OVER_ONE_THOUSAND_YEARS,United States of America,USA,VALIDATED,Vaulted Deep,BiCRS,Biomass Carbon Removal and Storage
iss_1HJB45W9G1S04CR9,2023-12-23T10:40:25.912489+00:00,6.57,prj_1HHYZFVGW1S044ZY,Great Plains Organic Waste Sequestration,01P4,OVER_ONE_THOUSAND_YEARS,United States of America,USA,VALIDATED,Vaulted Deep,BiCRS,Biomass Carbon Removal and Storage
iss_1HJB45W9G1S09E5A,2023-12-23T10:40:25.849657+00:00,6.38,prj_1HHYZFVGW1S044ZY,Great Plains Organic Waste Sequestration,01P4,OVER_ONE_THOUSAND_YEARS,United States of America,USA,VALIDATED,Vaulted Deep,BiCRS,Biomass Carbon Removal and Storage
iss_1HJB45W9G1S0EFJB,2023-12-23T10:40:25.789205+00:00,6.69,prj_1HHYZFVGW1S044ZY,Great Plains Organic Waste Sequestration,01P4,OVER_ONE_THOUSAND_YEARS,United States of America,USA,VALIDATED,Vaulted Deep,BiCRS,Biomass Carbon Removal and Storage
iss_1HJB45W9G1S0KGZC,2023-12-23T10:40:25.729217+00:00,6.51,prj_1HHYZFVGW1S044ZY,Great Plains Organic Waste Sequestration,01P4,OVER_ONE_THOUSAND_YEARS,United States of America,USA,VALIDATED,Vaulted Deep,BiCRS,Biomass Carbon Removal and Storage
iss_1HJB45W9G1S0RJCD,2023-12-23T10:40:25.660702+00:00,5.95,prj_1HHYZFVGW1S044ZY,Great Plains Organic Waste Sequestration,01P4,OVER_ONE_THOUSAND_YEARS,United States of America,USA,VALIDATED,Vaulted Deep,BiCRS,Biomass Carbon Removal and Storage
iss_1HJB45W9G1S0XKSE,2023-12-23T10:40:25.588168+00:00,8.23,prj_1HHYZFVGW1S044ZY,Great Plains Organic Waste Sequestration,01P4,OVER_ONE_THOUSAND_YEARS,United States of America,USA,VALIDATED,Vaulted Deep,BiCRS,Biomass Carbon Removal and Storage
iss_1HJB45W9G1S02N6F,2023-12-23T10:40:25.521145+00:00,5.96,prj_1HHYZFVGW1S044ZY,Great Plains Organic Waste Sequestration,01P4,OVER_ONE_THOUSAND_YEARS,United States of America,USA,VALIDATED,Vaulted Deep,BiCRS,Biomass Carbon Removal and Storage
iss_1HJB45W9G1S07PKG,2023-12-23T10:40:25.454819+00:00,6.51,prj_1HHYZFVGW1S044ZY,Great Plains Organic Waste Sequestration,01P4,OVER_ONE_THOUSAND_YEARS,United States of America,USA,VALIDATED,Vaulted Deep,BiCRS,Biomass Carbon Removal and Storage
iss_1HJB45W9G1S0CR0H,2023-12-23T10:40:25.387010+00:00,6.36,prj_1HHYZFVGW1S044ZY,Great Plains Organic Waste Sequestration,01P4,OVER_ONE_THOUSAND_YEARS,United States of America,USA,VALIDATED,Vaulted Deep,BiCRS,Biomass Carbon Removal and Storage
iss_1HJB45W9G1S0HSDJ,2023-12-23T10:40:25.305253+00:00,6.87,prj_1HHYZFVGW1S044ZY,Great Plains Organic Waste Sequestration,01P4,OVER_ONE_THOUSAND_YEARS,United States of America,USA,VALIDATED,Vaulted Deep,BiCRS,Biomass Carbon Removal and Storage
iss_1HJB45W9G1S0PTTK,2023-12-23T10:40:25.227979+00:00,6.23,prj_1HHYZFVGW1S044ZY,Great Plains Organic Waste Sequestration,01P4,OVER_ONE_THOUSAND_YEARS,United States of America,USA,VALIDATED,Vaulted Deep,BiCRS,Biomass Carbon Removal and Storage
iss_1HJB45W9G1S0VW7M,2023-12-23T10:40:25.065905+00:00,6.56,prj_1HHYZFVGW1S044ZY,Great Plains Organic Waste Sequestration,01P4,OVER_ONE_THOUSAND_YEARS,United States of America,USA,VALIDATED,Vaulted Deep,BiCRS,Biomass Carbon Removal and Storage
iss_1HJB45W9G1S00XMN,2023-12-23T10:40:24.972130+00:00,6.62,prj_1HHYZFVGW1S044ZY,Great Plains Organic Waste Sequestration,01P4,OVER_ONE_THOUSAND_YEARS,United States of America,USA,VALIDATED,Vaulted Deep,BiCRS,Biomass Carbon Removal and Storage
iss_1HJB45W9G1S05Z1P,2023-12-23T10:40:24.883995+00:00,6.29,prj_1HHYZFVGW1S044ZY,Great Plains Organic Waste Sequestration,01P4,OVER_ONE_THOUSAND_YEARS,United States of America,USA,VALIDATED,Vaulted Deep,BiCRS,Biomass Carbon Removal and Storage
iss_1HJB45W9G1S0B0EQ,2023-12-23T10:40:24.788672+00:00,5.35,prj_1HHYZFVGW1S044ZY,Great Plains Organic Waste Sequestration,01P4,OVER_ONE_THOUSAND_YEARS,United States of America,USA,VALIDATED,Vaulted Deep,BiCRS,Biomass Carbon Removal and Storage
iss_1HJB45W9G1S0G1VR,2023-12-23T10:40:24.707893+00:00,7.21,prj_1HHYZFVGW1S044ZY,Great Plains Organic Waste Sequestration,01P4,OVER_ONE_THOUSAND_YEARS,United States of America,USA,VALIDATED,Vaulted Deep,BiCRS,Biomass Carbon Removal and Storage
iss_1HJB45W9G1S0N38S,2023-12-23T10:40:24.636868+00:00,6.42,prj_1HHYZFVGW1S044ZY,Great Plains Organic Waste Sequestration,01P4,OVER_ONE_THOUSAND_YEARS,United States of America,USA,VALIDATED,Vaulted Deep,BiCRS,Biomass Carbon Removal and Storage
iss_1HJB45W9G1S0T4NT,2023-12-23T10:40:24.567610+00:00,4.59,prj_1HHYZFVGW1S044ZY,Great Plains Organic Waste Sequestration,01P4,OVER_ONE_THOUSAND_YEARS,United States of America,USA,VALIDATED,Vaulted Deep,BiCRS,Biomass Carbon Removal and Storage
iss_1HJB45W9G1S0Z62V,2023-12-23T10:40:24.500441+00:00,6.25,prj_1HHYZFVGW1S044ZY,Great Plains Organic Waste Sequestration,01P4,OVER_ONE_THOUSAND_YEARS,United States of America,USA,VALIDATED,Vaulted Deep,BiCRS,Biomass Carbon Removal and Storage
iss_1HJB45W9G1S047FW,2023-12-23T10:40:24.438802+00:00,6.53,prj_1HHYZFVGW1S044ZY,Great Plains Organic Waste Sequestration,01P4,OVER_ONE_THOUSAND_YEARS,United States of America,USA,VALIDATED,Vaulted Deep,BiCRS,Biomass Carbon Removal and Storage
iss_1HJB45W9G1S098WX,2023-12-23T10:40:24.380140+00:00,6.99,prj_1HHYZFVGW1S044ZY,Great Plains Organic Waste Sequestration,01P4,OVER_ONE_THOUSAND_YEARS,United States of America,USA,VALIDATED,Vaulted Deep,BiCRS,Biomass Carbon Removal and Storage
iss_1HJB45W9G1S0EA9Y,2023-12-23T10:40:24.056858+00:00,6.39,prj_1HHYZFVGW1S044ZY,Great Plains Organic Waste Sequestration,01P4,OVER_ONE_THOUSAND_YEARS,United States of America,USA,VALIDATED,Vaulted Deep,BiCRS,Biomass Carbon Removal and Storage
iss_1HJB45W9G1S0KBPZ,2023-12-23T10:40:23.976231+00:00,6.6,prj_1HHYZFVGW1S044ZY,Great Plains Organic Waste Sequestration,01P4,OVER_ONE_THOUSAND_YEARS,United States of America,USA,VALIDATED,Vaulted Deep,BiCRS,Biomass Carbon Removal and Storage
iss_1HJB45W9G1S0RD40,2023-12-23T10:40:23.893414+00:00,6.25,prj_1HHYZFVGW1S044ZY,Great Plains Organic Waste Sequestration,01P4,OVER_ONE_THOUSAND_YEARS,United States of America,USA,VALIDATED,Vaulted Deep,BiCRS,Biomass Carbon Removal and Storage
iss_1HJB45W9G1S0XEH1,2023-12-23T10:40:23.786892+00:00,6.54,prj_1HHYZFVGW1S044ZY,Great Plains Organic Waste Sequestration,01P4,OVER_ONE_THOUSAND_YEARS,United States of America,USA,VALIDATED,Vaulted Deep,BiCRS,Biomass Carbon Removal and Storage
iss_1HJB45W9G1S02FY2,2023-12-23T10:40:23.714705+00:00,6.17,prj_1HHYZFVGW1S044ZY,Great Plains Organic Waste Sequestration,01P4,OVER_ONE_THOUSAND_YEARS,United States of America,USA,VALIDATED,Vaulted Deep,BiCRS,Biomass Carbon Removal and Storage
iss_1HJB45W9G1S07HB3,2023-12-23T10:40:23.654023+00:00,6.07,prj_1HHYZFVGW1S044ZY,Great Plains Organic Waste Sequestration,01P4,OVER_ONE_THOUSAND_YEARS,United States of America,USA,VALIDATED,Vaulted Deep,BiCRS,Biomass Carbon Removal and Storage
iss_1HJB45W9G1S0CJR4,2023-12-23T10:40:23.565210+00:00,6.7,prj_1HHYZFVGW1S044ZY,Great Plains Organic Waste Sequestration,01P4,OVER_ONE_THOUSAND_YEARS,United States of America,USA,VALIDATED,Vaulted Deep,BiCRS,Biomass Carbon Removal and Storage
iss_1HJB45W9G1S0HM55,2023-12-23T10:40:23.444159+00:00,6.27,prj_1HHYZFVGW1S044ZY,Great Plains Organic Waste Sequestration,01P4,OVER_ONE_THOUSAND_YEARS,United States of America,USA,VALIDATED,Vaulted Deep,BiCRS,Biomass Carbon Removal and Storage
iss_1HJB45W9G1S0PNJ6,2023-12-23T10:40:23.118878+00:00,5.84,prj_1HHYZFVGW1S044ZY,Great Plains Organic Waste Sequestration,01P4,OVER_ONE_THOUSAND_YEARS,United States of America,USA,VALIDATED,Vaulted Deep,BiCRS,Biomass Carbon Removal and Storage
iss_1HJB45W9G1S0VPZ7,2023-12-23T10:40:23.009045+00:00,6.74,prj_1HHYZFVGW1S044ZY,Great Plains Organic Waste Sequestration,01P4,OVER_ONE_THOUSAND_YEARS,United States of America,USA,VALIDATED,Vaulted Deep,BiCRS,Biomass Carbon Removal and Storage
iss_1HJB45W9G1S00RC8,2023-12-23T10:40:22.941858+00:00,6.05,prj_1HHYZFVGW1S044ZY,Great Plains Organic Waste Sequestration,01P4,OVER_ONE_THOUSAND_YEARS,United States of America,USA,VALIDATED,Vaulted Deep,BiCRS,Biomass Carbon Removal and Storage
iss_1HJB45W9G1S05SS9,2023-12-23T10:40:22.877547+00:00,5.74,prj_1HHYZFVGW1S044ZY,Great Plains Organic Waste Sequestration,01P4,OVER_ONE_THOUSAND_YEARS,United States of America,USA,VALIDATED,Vaulted Deep,BiCRS,Biomass Carbon Removal and Storage
iss_1HJB45W9G1S0AV6A,2023-12-23T10:40:22.822562+00:00,5.67,prj_1HHYZFVGW1S044ZY,Great Plains Organic Waste Sequestration,01P4,OVER_ONE_THOUSAND_YEARS,United States of America,USA,VALIDATED,Vaulted Deep,BiCRS,Biomass Carbon Removal and Storage
iss_1HJB45W9G1S0FWKB,2023-12-23T10:40:22.766478+00:00,5.77,prj_1HHYZFVGW1S044ZY,Great Plains Organic Waste Sequestration,01P4,OVER_ONE_THOUSAND_YEARS,United States of America,USA,VALIDATED,Vaulted Deep,BiCRS,Biomass Carbon Removal and Storage
iss_1HJB45W9G1S0MY0C,2023-12-23T10:40:22.707728+00:00,5.17,prj_1HHYZFVGW1S044ZY,Great Plains Organic Waste Sequestration,01P4,OVER_ONE_THOUSAND_YEARS,United States of America,USA,VALIDATED,Vaulted Deep,BiCRS,Biomass Carbon Removal and Storage
iss_1HJB45W9G1S0SZDD,2023-12-23T10:40:22.647906+00:00,6.88,prj_1HHYZFVGW1S044ZY,Great Plains Organic Waste Sequestration,01P4,OVER_ONE_THOUSAND_YEARS,United States of America,USA,VALIDATED,Vaulted Deep,BiCRS,Biomass Carbon Removal and Storage
iss_1HJB45W9G1S0Z0TE,2023-12-23T10:40:22.538490+00:00,5.96,prj_1HHYZFVGW1S044ZY,Great Plains Organic Waste Sequestration,01P4,OVER_ONE_THOUSAND_YEARS,United States of America,USA,VALIDATED,Vaulted Deep,BiCRS,Biomass Carbon Removal and Storage
iss_1HJB45W9G1S0427F,2023-12-23T10:40:22.478343+00:00,6.51,prj_1HHYZFVGW1S044ZY,Great Plains Organic Waste Sequestration,01P4,OVER_ONE_THOUSAND_YEARS,United States of America,USA,VALIDATED,Vaulted Deep,BiCRS,Biomass Carbon Removal and Storage
iss_1HJB45W9G1S093MG,2023-12-23T10:40:22.424248+00:00,5.95,prj_1HHYZFVGW1S044ZY,Great Plains Organic Waste Sequestration,01P4,OVER_ONE_THOUSAND_YEARS,United States of America,USA,VALIDATED,Vaulted Deep,BiCRS,Biomass Carbon Removal and Storage
iss_1HJB45W9G1S0E51H,2023-12-23T10:40:22.368318+00:00,6.04,prj_1HHYZFVGW1S044ZY,Great Plains Organic Waste Sequestration,01P4,OVER_ONE_THOUSAND_YEARS,United States of America,USA,VALIDATED,Vaulted Deep,BiCRS,Biomass Carbon Removal and Storage
iss_1HJB45W9G1S0K6EJ,2023-12-23T10:40:22.316317+00:00,5.47,prj_1HHYZFVGW1S044ZY,Great Plains Organic Waste Sequestration,01P4,OVER_ONE_THOUSAND_YEARS,United States of America,USA,VALIDATED,Vaulted Deep,BiCRS,Biomass Carbon Removal and Storage
iss_1HJB45W9G1S0R7VK,2023-12-23T10:40:22.264178+00:00,6.19,prj_1HHYZFVGW1S044ZY,Great Plains Organic Waste Sequestration,01P4,OVER_ONE_THOUSAND_YEARS,United States of America,USA,VALIDATED,Vaulted Deep,BiCRS,Biomass Carbon Removal and Storage
iss_1HJB45W9G1S0X98M,2023-12-23T10:40:22.206626+00:00,6.07,prj_1HHYZFVGW1S044ZY,Great Plains Organic Waste Sequestration,01P4,OVER_ONE_THOUSAND_YEARS,United States of America,USA,VALIDATED,Vaulted Deep,BiCRS,Biomass Carbon Removal and Storage
iss_1HJB45W9G1S02ANN,2023-12-23T10:40:22.151045+00:00,6.44,prj_1HHYZFVGW1S044ZY,Great Plains Organic Waste Sequestration,01P4,OVER_ONE_THOUSAND_YEARS,United States of America,USA,VALIDATED,Vaulted Deep,BiCRS,Biomass Carbon Removal and Storage
iss_1HJB45W9G1S07C2P,2023-12-23T10:40:22.090977+00:00,4.8,prj_1HHYZFVGW1S044ZY,Great Plains Organic Waste Sequestration,01P4,OVER_ONE_THOUSAND_YEARS,United States of America,USA,VALIDATED,Vaulted Deep,BiCRS,Biomass Carbon Removal and Storage
iss_1HJB45W9G1S0CDFQ,2023-12-23T10:40:22.022058+00:00,6.41,prj_1HHYZFVGW1S044ZY,Great Plains Organic Waste Sequestration,01P4,OVER_ONE_THOUSAND_YEARS,United States of America,USA,VALIDATED,Vaulted Deep,BiCRS,Biomass Carbon Removal and Storage
iss_1HJB45W9G1S0HEWR,2023-12-23T10:40:21.966494+00:00,6.01,prj_1HHYZFVGW1S044ZY,Great Plains Organic Waste Sequestration,01P4,OVER_ONE_THOUSAND_YEARS,United States of America,USA,VALIDATED,Vaulted Deep,BiCRS,Biomass Carbon Removal and Storage
iss_1HJB45W9G1S0PG9S,2023-12-23T10:40:21.911098+00:00,6.55,prj_1HHYZFVGW1S044ZY,Great Plains Organic Waste Sequestration,01P4,OVER_ONE_THOUSAND_YEARS,United States of America,USA,VALIDATED,Vaulted Deep,BiCRS,Biomass Carbon Removal and Storage
iss_1HJB45W9G1S0VHPT,2023-12-23T10:40:21.854135+00:00,6.12,prj_1HHYZFVGW1S044ZY,Great Plains Organic Waste Sequestration,01P4,OVER_ONE_THOUSAND_YEARS,United States of America,USA,VALIDATED,Vaulted Deep,BiCRS,Biomass Carbon Removal and Storage
iss_1HJB45W9G1S00K3V,2023-12-23T10:40:21.775106+00:00,6.17,prj_1HHYZFVGW1S044ZY,Great Plains Organic Waste Sequestration,01P4,OVER_ONE_THOUSAND_YEARS,United States of America,USA,VALIDATED,Vaulted Deep,BiCRS,Biomass Carbon Removal and Storage
iss_1HJB45W9G1S05MGW,2023-12-23T10:40:21.717420+00:00,6.11,prj_1HHYZFVGW1S044ZY,Great Plains Organic Waste Sequestration,01P4,OVER_ONE_THOUSAND_YEARS,United States of America,USA,VALIDATED,Vaulted Deep,BiCRS,Biomass Carbon Removal and Storage
iss_1HJB45W9G1S0ANXX,2023-12-23T10:40:21.664979+00:00,6.29,prj_1HHYZFVGW1S044ZY,Great Plains Organic Waste Sequestration,01P4,OVER_ONE_THOUSAND_YEARS,United States of America,USA,VALIDATED,Vaulted Deep,BiCRS,Biomass Carbon Removal and Storage
iss_1HJB45W9G1S0FQAY,2023-12-23T10:40:21.609791+00:00,6.29,prj_1HHYZFVGW1S044ZY,Great Plains Organic Waste Sequestration,01P4,OVER_ONE_THOUSAND_YEARS,United States of America,USA,VALIDATED,Vaulted Deep,BiCRS,Biomass Carbon Removal and Storage
iss_1HJB45W9G1S0MRQZ,2023-12-23T10:40:21.547393+00:00,6.33,prj_1HHYZFVGW1S044ZY,Great Plains Organic Waste Sequestration,01P4,OVER_ONE_THOUSAND_YEARS,United States of America,USA,VALIDATED,Vaulted Deep,BiCRS,Biomass Carbon Removal and Storage
iss_1HJB45W9G1S0ST50,2023-12-23T10:40:21.492298+00:00,6.34,prj_1HHYZFVGW1S044ZY,Great Plains Organic Waste Sequestration,01P4,OVER_ONE_THOUSAND_YEARS,United States of America,USA,VALIDATED,Vaulted Deep,BiCRS,Biomass Carbon Removal and Storage
iss_1HJB45W9G1S0YVJ1,2023-12-23T10:40:21.435429+00:00,5.87,prj_1HHYZFVGW1S044ZY,Great Plains Organic Waste Sequestration,01P4,OVER_ONE_THOUSAND_YEARS,United States of America,USA,VALIDATED,Vaulted Deep,BiCRS,Biomass Carbon Removal and Storage
iss_1HJB45W9G1S03WZ2,2023-12-23T10:40:21.374482+00:00,6.4,prj_1HHYZFVGW1S044ZY,Great Plains Organic Waste Sequestration,01P4,OVER_ONE_THOUSAND_YEARS,United States of America,USA,VALIDATED,Vaulted Deep,BiCRS,Biomass Carbon Removal and Storage
iss_1HJB45W9G1S08YC3,2023-12-23T10:40:21.323795+00:00,6.34,prj_1HHYZFVGW1S044ZY,Great Plains Organic Waste Sequestration,01P4,OVER_ONE_THOUSAND_YEARS,United States of America,USA,VALIDATED,Vaulted Deep,BiCRS,Biomass Carbon Removal and Storage
iss_1HJB45W9G1S0DZS4,2023-12-23T10:40:21.272691+00:00,7.1,prj_1HHYZFVGW1S044ZY,Great Plains Organic Waste Sequestration,01P4,OVER_ONE_THOUSAND_YEARS,United States of America,USA,VALIDATED,Vaulted Deep,BiCRS,Biomass Carbon Removal and Storage
iss_1HJB45W9G1S0K165,2023-12-23T10:40:21.217641+00:00,6.33,prj_1HHYZFVGW1S044ZY,Great Plains Organic Waste Sequestration,01P4,OVER_ONE_THOUSAND_YEARS,United States of America,USA,VALIDATED,Vaulted Deep,BiCRS,Biomass Carbon Removal and Storage
iss_1HJB45W9G1S0R2K6,2023-12-23T10:40:21.145461+00:00,6.68,prj_1HHYZFVGW1S044ZY,Great Plains Organic Waste Sequestration,01P4,OVER_ONE_THOUSAND_YEARS,United States of America,USA,VALIDATED,Vaulted Deep,BiCRS,Biomass Carbon Removal and Storage
iss_1HJB45W9G1S0X407,2023-12-23T10:40:21.056016+00:00,4.05,prj_1HHYZFVGW1S044ZY,Great Plains Organic Waste Sequestration,01P4,OVER_ONE_THOUSAND_YEARS,United States of America,USA,VALIDATED,Vaulted Deep,BiCRS,Biomass Carbon Removal and Storage
iss_1HJB45W9G1S025D8,2023-12-23T10:40:20.977780+00:00,6.57,prj_1HHYZFVGW1S044ZY,Great Plains Organic Waste Sequestration,01P4,OVER_ONE_THOUSAND_YEARS,United States of America,USA,VALIDATED,Vaulted Deep,BiCRS,Biomass Carbon Removal and Storage
iss_1HJB45W9G1S076T9,2023-12-23T10:40:20.918670+00:00,5.78,prj_1HHYZFVGW1S044ZY,Great Plains Organic Waste Sequestration,01P4,OVER_ONE_THOUSAND_YEARS,United States of America,USA,VALIDATED,Vaulted Deep,BiCRS,Biomass Carbon Removal and Storage
iss_1HJB45W9G1S0C87A,2023-12-23T10:40:20.853659+00:00,8.0,prj_1HHYZFVGW1S044ZY,Great Plains Organic Waste Sequestration,01P4,OVER_ONE_THOUSAND_YEARS,United States of America,USA,VALIDATED,Vaulted Deep,BiCRS,Biomass Carbon Removal and Storage
iss_1HJB45W9G1S0H9MB,2023-12-23T10:40:20.796264+00:00,6.73,prj_1HHYZFVGW1S044ZY,Great Plains Organic Waste Sequestration,01P4,OVER_ONE_THOUSAND_YEARS,United States of America,USA,VALIDATED,Vaulted Deep,BiCRS,Biomass Carbon Removal and Storage
iss_1HJB45W9G1S0PB1C,2023-12-23T10:40:20.735627+00:00,6.49,prj_1HHYZFVGW1S044ZY,Great Plains Organic Waste Sequestration,01P4,OVER_ONE_THOUSAND_YEARS,United States of America,USA,VALIDATED,Vaulted Deep,BiCRS,Biomass Carbon Removal and Storage
iss_1HJB45W9G1S0VCED,2023-12-23T10:40:20.669121+00:00,6.49,prj_1HHYZFVGW1S044ZY,Great Plains Organic Waste Sequestration,01P4,OVER_ONE_THOUSAND_YEARS,United States of America,USA,VALIDATED,Vaulted Deep,BiCRS,Biomass Carbon Removal and Storage
iss_1HJB45W9G1S00DVE,2023-12-23T10:40:20.602989+00:00,6.31,prj_1HHYZFVGW1S044ZY,Great Plains Organic Waste Sequestration,01P4,OVER_ONE_THOUSAND_YEARS,United States of America,USA,VALIDATED,Vaulted Deep,BiCRS,Biomass Carbon Removal and Storage
iss_1HJB45W9G1S05F8F,2023-12-23T10:40:20.543002+00:00,7.24,prj_1HHYZFVGW1S044ZY,Great Plains Organic Waste Sequestration,01P4,OVER_ONE_THOUSAND_YEARS,United States of America,USA,VALIDATED,Vaulted Deep,BiCRS,Biomass Carbon Removal and Storage
iss_1HJB45W9G1S0AGNG,2023-12-23T10:40:20.484944+00:00,6.67,prj_1HHYZFVGW1S044ZY,Great Plains Organic Waste Sequestration,01P4,OVER_ONE_THOUSAND_YEARS,United States of America,USA,VALIDATED,Vaulted Deep,BiCRS,Biomass Carbon Removal and Storage
iss_1HJB45W9G1S0FJ2H,2023-12-23T10:40:20.434093+00:00,5.8,prj_1HHYZFVGW1S044ZY,Great Plains Organic Waste Sequestration,01P4,OVER_ONE_THOUSAND_YEARS,United States of America,USA,VALIDATED,Vaulted Deep,BiCRS,Biomass Carbon Removal and Storage
iss_1HJB45W9G1S0MKFJ,2023-12-23T10:40:20.382335+00:00,5.83,prj_1HHYZFVGW1S044ZY,Great Plains Organic Waste Sequestration,01P4,OVER_ONE_THOUSAND_YEARS,United States of America,USA,VALIDATED,Vaulted Deep,BiCRS,Biomass Carbon Removal and Storage
iss_1HJB45W9G1S0SMWK,2023-12-23T10:40:20.331769+00:00,6.18,prj_1HHYZFVGW1S044ZY,Great Plains Organic Waste Sequestration,01P4,OVER_ONE_THOUSAND_YEARS,United States of America,USA,VALIDATED,Vaulted Deep,BiCRS,Biomass Carbon Removal and Storage
iss_1HJB45W9G1S0YP9M,2023-12-23T10:40:20.252257+00:00,6.07,prj_1HHYZFVGW1S044ZY,Great Plains Organic Waste Sequestration,01P4,OVER_ONE_THOUSAND_YEARS,United States of America,USA,VALIDATED,Vaulted Deep,BiCRS,Biomass Carbon Removal and Storage
iss_1HJB45W9G1S03QPN,2023-12-23T10:40:20.198148+00:00,6.23,prj_1HHYZFVGW1S044ZY,Great Plains Organic Waste Sequestration,01P4,OVER_ONE_THOUSAND_YEARS,United States of America,USA,VALIDATED,Vaulted Deep,BiCRS,Biomass Carbon Removal and Storage
iss_1HJB45W9G1S08S3P,2023-12-23T10:40:20.139943+00:00,7.12,prj_1HHYZFVGW1S044ZY,Great Plains Organic Waste Sequestration,01P4,OVER_ONE_THOUSAND_YEARS,United States of America,USA,VALIDATED,Vaulted Deep,BiCRS,Biomass Carbon Removal and Storage
iss_1HJB45W9G1S0DTGQ,2023-12-23T10:40:20.088956+00:00,6.27,prj_1HHYZFVGW1S044ZY,Great Plains Organic Waste Sequestration,01P4,OVER_ONE_THOUSAND_YEARS,United States of America,USA,VALIDATED,Vaulted Deep,BiCRS,Biomass Carbon Removal and Storage
iss_1HJB45W9G1S0JVXR,2023-12-23T10:40:20.032696+00:00,7.19,prj_1HHYZFVGW1S044ZY,Great Plains Organic Waste Sequestration,01P4,OVER_ONE_THOUSAND_YEARS,United States of America,USA,VALIDATED,Vaulted Deep,BiCRS,Biomass Carbon Removal and Storage
iss_1HJB45W9G1S0QXAS,2023-12-23T10:40:19.979525+00:00,6.54,prj_1HHYZFVGW1S044ZY,Great Plains Organic Waste Sequestration,01P4,OVER_ONE_THOUSAND_YEARS,United States of America,USA,VALIDATED,Vaulted Deep,BiCRS,Biomass Carbon Removal and Storage
iss_1HJB45W9G1S0WYQT,2023-12-23T10:40:19.926064+00:00,7.49,prj_1HHYZFVGW1S044ZY,Great Plains Organic Waste Sequestration,01P4,OVER_ONE_THOUSAND_YEARS,United States of America,USA,VALIDATED,Vaulted Deep,BiCRS,Biomass Carbon Removal and Storage
iss_1HJB45W9G1S0204V,2023-12-23T10:40:19.872641+00:00,6.62,prj_1HHYZFVGW1S044ZY,Great Plains Organic Waste Sequestration,01P4,OVER_ONE_THOUSAND_YEARS,United States of America,USA,VALIDATED,Vaulted Deep,BiCRS,Biomass Carbon Removal and Storage
iss_1HJB45W9G1S071HW,2023-12-23T10:40:19.819840+00:00,7.52,prj_1HHYZFVGW1S044ZY,Great Plains Organic Waste Sequestration,01P4,OVER_ONE_THOUSAND_YEARS,United States of America,USA,VALIDATED,Vaulted Deep,BiCRS,Biomass Carbon Removal and Storage
iss_1HJB45W9G1S0C2YX,2023-12-23T10:40:19.766186+00:00,7.18,prj_1HHYZFVGW1S044ZY,Great Plains Organic Waste Sequestration,01P4,OVER_ONE_THOUSAND_YEARS,United States of America,USA,VALIDATED,Vaulted Deep,BiCRS,Biomass Carbon Removal and Storage
iss_1HJB45W9G1S0H4BY,2023-12-23T10:40:19.717280+00:00,6.33,prj_1HHYZFVGW1S044ZY,Great Plains Organic Waste Sequestration,01P4,OVER_ONE_THOUSAND_YEARS,United States of America,USA,VALIDATED,Vaulted Deep,BiCRS,Biomass Carbon Removal and Storage
iss_1HJB45W9G1S0P5RZ,2023-12-23T10:40:19.660322+00:00,7.07,prj_1HHYZFVGW1S044ZY,Great Plains Organic Waste Sequestration,01P4,OVER_ONE_THOUSAND_YEARS,United States of America,USA,VALIDATED,Vaulted Deep,BiCRS,Biomass Carbon Removal and Storage
iss_1HJB45W9G1S0V760,2023-12-23T10:40:19.594272+00:00,6.47,prj_1HHYZFVGW1S044ZY,Great Plains Organic Waste Sequestration,01P4,OVER_ONE_THOUSAND_YEARS,United States of America,USA,VALIDATED,Vaulted Deep,BiCRS,Biomass Carbon Removal and Storage
iss_1HJB45W9G1S008K1,2023-12-23T10:40:19.482685+00:00,7.62,prj_1HHYZFVGW1S044ZY,Great Plains Organic Waste Sequestration,01P4,OVER_ONE_THOUSAND_YEARS,United States of America,USA,VALIDATED,Vaulted Deep,BiCRS,Biomass Carbon Removal and Storage
iss_1HJB45W9G1S05A02,2023-12-23T10:40:19.415727+00:00,6.63,prj_1HHYZFVGW1S044ZY,Great Plains Organic Waste Sequestration,01P4,OVER_ONE_THOUSAND_YEARS,United States of America,USA,VALIDATED,Vaulted Deep,BiCRS,Biomass Carbon Removal and Storage
iss_1HJB45W9G1S0ABD3,2023-12-23T10:40:19.362880+00:00,5.96,prj_1HHYZFVGW1S044ZY,Great Plains Organic Waste Sequestration,01P4,OVER_ONE_THOUSAND_YEARS,United States of America,USA,VALIDATED,Vaulted Deep,BiCRS,Biomass Carbon Removal and Storage
iss_1HJB45W9G1S0FCT4,2023-12-23T10:40:19.302326+00:00,5.44,prj_1HHYZFVGW1S044ZY,Great Plains Organic Waste Sequestration,01P4,OVER_ONE_THOUSAND_YEARS,United States of America,USA,VALIDATED,Vaulted Deep,BiCRS,Biomass Carbon Removal and Storage
iss_1HJB45W9G1S0ME75,2023-12-23T10:40:19.250458+00:00,5.73,prj_1HHYZFVGW1S044ZY,Great Plains Organic Waste Sequestration,01P4,OVER_ONE_THOUSAND_YEARS,United States of America,USA,VALIDATED,Vaulted Deep,BiCRS,Biomass Carbon Removal and Storage
iss_1HJB45W9G1S0SFM6,2023-12-23T10:40:19.199156+00:00,6.61,prj_1HHYZFVGW1S044ZY,Great Plains Organic Waste Sequestration,01P4,OVER_ONE_THOUSAND_YEARS,United States of America,USA,VALIDATED,Vaulted Deep,BiCRS,Biomass Carbon Removal and Storage
iss_1HJB45W9G1S0YH17,2023-12-23T10:40:19.141187+00:00,5.83,prj_1HHYZFVGW1S044ZY,Great Plains Organic Waste Sequestration,01P4,OVER_ONE_THOUSAND_YEARS,United States of America,USA,VALIDATED,Vaulted Deep,BiCRS,Biomass Carbon Removal and Storage
iss_1HJB45W9G1S03JE8,2023-12-23T10:40:19.069268+00:00,6.82,prj_1HHYZFVGW1S044ZY,Great Plains Organic Waste Sequestration,01P4,OVER_ONE_THOUSAND_YEARS,United States of America,USA,VALIDATED,Vaulted Deep,BiCRS,Biomass Carbon Removal and Storage
