id,transaction_date,quantity,project_id,project_name,project_short_code,supplier,pathway,pathway_full,retired_by,beneficiary,purposes,notes
ret_1KCYPXS1E1S0QDJT,2025-12-20T20:23:56.242996+00:00,1424.0,prj_1H502CZZH1S0VMYW,Nova Scotia Mineral OAE Project,F5X7,Planetary,Marine,Marine,Shopify,Shopify,CORPORATE_TARGETS,
ret_1KCYPMDAV1S03RQ5,2025-12-20T20:18:49.350224+00:00,49.0,prj_1JFA3YY9P1S0YVKR,New England WAE Project,X8KC,CREW Carbon,Marine,Marine,Shopify,Shopify,CORPORATE_TARGETS,
ret_1KCYG4W8M1S01GCW,2025-12-20T18:25:28.903198+00:00,1.242,prj_1HZSSWBQM1S08H83,Charm Bio-oil Geologic Storage,7BDE,Charm Industrial,BiCRS,Biomass Carbon Removal and Storage,Workday,Workday,PUBLIC_ENVIRONMENTAL_CLAIMS,
ret_1KCSZMWVH1S09ZG9,2025-12-19T00:20:10.310139+00:00,2000.0,prj_1JXCRW5ST1S0EEKH,Humboldt Sawmill Company (HSC),HD88,Pacific Biochar,BiCRS,Biomass Carbon Removal and Storage,Watershed,Block,CORPORATE_TARGETS,"Retirement of environmental credits on behalf of Block, Inc."
ret_1KCSW2Y2P1S01FYW,2025-12-18T23:17:55.973266+00:00,16.0,prj_1JFA3YY9P1S0YVKR,New England WAE Project,X8KC,CREW Carbon,Marine,Marine,Workday,Workday,PUBLIC_ENVIRONMENTAL_CLAIMS,
ret_1KCSTYVKT1S0AWR2,2025-12-18T22:58:13.795155+00:00,7.0,prj_1JFA3YY9P1S0YVKR,New England WAE Project,X8KC,CREW Carbon,Marine,Marine,Autodesk,Autodesk,CORPORATE_TARGETS,
ret_1KCSSJ60K1S0JCQ1,2025-12-18T22:33:49.945361+00:00,49.0,prj_1JFA3YY9P1S0YVKR,New England WAE Project,X8KC,CREW Carbon,Marine,Marine,JPMorganChase,JPMorganChase,CORPORATE_TARGETS,
ret_1KCSCYJAH1S0AJTB,2025-12-18T18:53:24.214560+00:00,24.0,prj_1H502CZZH1S0VMYW,Nova Scotia Mineral OAE Project,F5X7,Planetary,Marine,Marine,Shopify,Shopify,OTHER,Shopify Planet App
ret_1KCSCSDBQ1S0PXYP,2025-12-18T18:50:35.313196+00:00,603.0,prj_1HHYZFVGW1S044ZY,Great Plains Organic Waste Sequestration,01P4,Vaulted Deep,BiCRS,Biomass Carbon Removal and Storage,Shopify,Shopify,CORPORATE_TARGETS,
ret_1KCSCMM8W1S03931,2025-12-18T18:47:58.534083+00:00,51.0,prj_1JQEQKCF91S06HAJ,Ontario Avenue Bio-Oil Sequestration,GHYZ,NULIFE GreenTech,BiCRS,Biomass Carbon Removal and Storage,Shopify,Shopify,CORPORATE_TARGETS,
ret_1KCSCHV3R1S0JDA4,2025-12-18T18:46:27.251238+00:00,5.0,prj_1HZSSWBQM1S08H83,Charm Bio-oil Geologic Storage,7BDE,Charm Industrial,BiCRS,Biomass Carbon Removal and Storage,Shopify,Shopify,CORPORATE_TARGETS,
ret_1KCQEGRVG1S04NBQ,2025-12-18T00:42:20.467475+00:00,199.0,prj_1HZSSWBQM1S08H83,Charm Bio-oil Geologic Storage,7BDE,Charm Industrial,BiCRS,Biomass Carbon Removal and Storage,Watershed,Block,CORPORATE_TARGETS,"Retirement of environmental credits on behalf of Block, Inc."
ret_1KCQDZ73G1S09PRR,2025-12-18T00:32:45.251156+00:00,450.0,prj_1HHYZFVGW1S044ZY,Great Plains Organic Waste Sequestration,01P4,Vaulted Deep,BiCRS,Biomass Carbon Removal and Storage,Watershed,Block,CORPORATE_TARGETS,"Retirement of environmental credits on behalf of Block, Inc."
ret_1KCHY01Z81S014J6,2025-12-15T21:17:23.424821+00:00,5.0,prj_1HHYZFVGW1S044ZY,Great Plains Organic Waste Sequestration,01P4,Vaulted Deep,BiCRS,Biomass Carbon Removal and Storage,Stripe,Raritan Valley Community College,OTHER,https://stripe.com/climate/orders
ret_1KCHJPHFR1S0D1FN,2025-12-15T17:59:57.232972+00:00,0.002,prj_1HHYZFVGW1S044ZY,Great Plains Organic Waste Sequestration,01P4,Vaulted Deep,BiCRS,Biomass Carbon Removal and Storage,Stripe,Shams Hanna,OTHER,https://stripe.com/climate/orders
ret_1KCHJJB8S1S01QW8,2025-12-15T17:57:39.810337+00:00,24.421,prj_1HHYZFVGW1S044ZY,Great Plains Organic Waste Sequestration,01P4,Vaulted Deep,BiCRS,Biomass Carbon Removal and Storage,Stripe,Quang Nguyen,OTHER,https://stripe.com/climate/orders
ret_1KC7MDWB61S0CCXM,2025-12-11T21:17:46.292371+00:00,0.481,prj_1HHYZFVGW1S044ZY,Great Plains Organic Waste Sequestration,01P4,Vaulted Deep,BiCRS,Biomass Carbon Removal and Storage,Stripe,Own Your Beliefs Inc.,OTHER,https://stripe.com/climate/orders
ret_1KC7MB9TS1S0HEAN,2025-12-11T21:16:21.776882+00:00,0.871,prj_1HHYZFVGW1S044ZY,Great Plains Organic Waste Sequestration,01P4,Vaulted Deep,BiCRS,Biomass Carbon Removal and Storage,Stripe,DeliverOne,OTHER,https://stripe.com/climate/orders
ret_1KC7M5QAA1S0PFQP,2025-12-11T21:13:18.980761+00:00,1.0,prj_1HHYZFVGW1S044ZY,Great Plains Organic Waste Sequestration,01P4,Vaulted Deep,BiCRS,Biomass Carbon Removal and Storage,Stripe,CaptureNow,OTHER,https://stripe.com/climate/orders
ret_1KC7M18271S0M7DD,2025-12-11T21:10:52.304730+00:00,1.0,prj_1HHYZFVGW1S044ZY,Great Plains Organic Waste Sequestration,01P4,Vaulted Deep,BiCRS,Biomass Carbon Removal and Storage,Stripe,Stanford University,OTHER,https://stripe.com/climate/orders
ret_1KC7KPZS61S0Q0G5,2025-12-11T21:05:16.187365+00:00,4.0,prj_1HHYZFVGW1S044ZY,Great Plains Organic Waste Sequestration,01P4,Vaulted Deep,BiCRS,Biomass Carbon Removal and Storage,Stripe,Tomorro,OTHER,https://stripe.com/climate/orders
ret_1KBR0BRAH1S0MB9D,2025-12-05T19:38:28.594560+00:00,2.0,prj_1HZSSWBQM1S08H83,Charm Bio-oil Geologic Storage,7BDE,Charm Industrial,BiCRS,Biomass Carbon Removal and Storage,Harvard Management Company,Harvard Management Company,CORPORATE_TARGETS,
ret_1KBG9X4HR1S0XPCA,2025-12-02T19:51:19.901920+00:00,1.0,prj_1HZSSWBQM1S08H83,Charm Bio-oil Geologic Storage,7BDE,Charm Industrial,BiCRS,Biomass Carbon Removal and Storage,Patch,Patch,CORPORATE_TARGETS,Retired on behalf of Patch’s customers and/or their end users
ret_1KBG9EZ9T1S0107H,2025-12-02T19:43:35.824246+00:00,12.0,prj_1HZSSWBQM1S08H83,Charm Bio-oil Geologic Storage,7BDE,Charm Industrial,BiCRS,Biomass Carbon Removal and Storage,Patch,Typeform S.L.,CORPORATE_TARGETS,Retired on behalf of Typeform S.L.
ret_1KBDMBWXP1S0ZH2R,2025-12-01T18:56:26.079043+00:00,0.541,prj_1HZSSWBQM1S08H83,Charm Bio-oil Geologic Storage,7BDE,Charm Industrial,BiCRS,Biomass Carbon Removal and Storage,Workday,Workday,CORPORATE_TARGETS,
ret_1KBDM8EV71S04JFS,2025-12-01T18:54:33.377660+00:00,88.0,prj_1HHYZFVGW1S044ZY,Great Plains Organic Waste Sequestration,01P4,Vaulted Deep,BiCRS,Biomass Carbon Removal and Storage,Workday,Workday,CORPORATE_TARGETS,
ret_1KBDDYAFF1S0EAS1,2025-12-01T17:04:09.746769+00:00,49.0,prj_1HHYZFVGW1S044ZY,Great Plains Organic Waste Sequestration,01P4,Vaulted Deep,BiCRS,Biomass Carbon Removal and Storage,Autodesk,Autodesk,CORPORATE_TARGETS,
ret_1KBDDTZJ01S0TNXC,2025-12-01T17:02:20.255647+00:00,0.18,prj_1HZSSWBQM1S08H83,Charm Bio-oil Geologic Storage,7BDE,Charm Industrial,BiCRS,Biomass Carbon Removal and Storage,Autodesk,Autodesk,CORPORATE_TARGETS,
ret_1KBB20ZMH1S02H1Z,2025-11-30T18:57:25.247339+00:00,268.0,prj_1HHYZFVGW1S044ZY,Great Plains Organic Waste Sequestration,01P4,Vaulted Deep,BiCRS,Biomass Carbon Removal and Storage,JPMorganChase,JPMorganChase,CORPORATE_TARGETS,
ret_1KBAPHNME1S043BC,2025-11-30T15:36:49.129650+00:00,232.0,prj_1HZSSWBQM1S08H83,Charm Bio-oil Geologic Storage,7BDE,Charm Industrial,BiCRS,Biomass Carbon Removal and Storage,JPMorganChase,JPMorganChase,CORPORATE_TARGETS,
ret_1K8XSEZ721S0ED03,2025-10-31T18:46:15.040575+00:00,48.0,prj_1HHYZFVGW1S044ZY,Great Plains Organic Waste Sequestration,01P4,Vaulted Deep,BiCRS,Biomass Carbon Removal and Storage,Autodesk,Autodesk,CORPORATE_TARGETS,
ret_1K8XMN9P21S0PEPS,2025-10-31T17:22:19.496371+00:00,172.0,prj_1HHYZFVGW1S044ZY,Great Plains Organic Waste Sequestration,01P4,Vaulted Deep,BiCRS,Biomass Carbon Removal and Storage,Workday,Workday,CORPORATE_TARGETS,
ret_1K8XG5DWS1S0D858,2025-10-31T16:03:45.279682+00:00,262.0,prj_1HHYZFVGW1S044ZY,Great Plains Organic Waste Sequestration,01P4,Vaulted Deep,BiCRS,Biomass Carbon Removal and Storage,JPMorganChase,JPMorganChase,CORPORATE_TARGETS,
ret_1K8RGAN161S0ZV5H,2025-10-29T17:30:24.193094+00:00,10.0,prj_1HZSSWBQM1S08H83,Charm Bio-oil Geologic Storage,7BDE,Charm Industrial,BiCRS,Biomass Carbon Removal and Storage,Harvard Management Company,Harvard Management Company,CORPORATE_TARGETS,
ret_1K8PA287B1S0YCCZ,2025-10-28T21:02:28.673026+00:00,50.0,prj_1HZSSWBQM1S08H83,Charm Bio-oil Geologic Storage,7BDE,Charm Industrial,BiCRS,Biomass Carbon Removal and Storage,JPMorganChase,JPMorganChase,CORPORATE_TARGETS,
ret_1K8P98CKJ1S0503D,2025-10-28T20:48:21.174548+00:00,10.0,prj_1HZSSWBQM1S08H83,Charm Bio-oil Geologic Storage,7BDE,Charm Industrial,BiCRS,Biomass Carbon Removal and Storage,Paul Graham,Paul Graham,,
ret_1K8KDXSN11S0QHK2,2025-10-27T18:12:13.631787+00:00,20.0,prj_1J4P33N6W1S0RKE2,Loblolly Project,V093,Graphyte,BiCRS,Biomass Carbon Removal and Storage,Wren,New Mountain Capital ,PUBLIC_ENVIRONMENTAL_CLAIMS,New Mountain Capital 2024 emissions
ret_1K89A1B251S0KYNW,2025-10-23T19:51:51.178575+00:00,52.0,prj_1HHYZFVGW1S044ZY,Great Plains Organic Waste Sequestration,01P4,Vaulted Deep,BiCRS,Biomass Carbon Removal and Storage,Stripe,Terraset,OTHER,https://stripe.com/climate/orders
ret_1K7J6H7741S0W9FC,2025-10-14T20:28:05.247586+00:00,15.0,prj_1J7NQMR9V1S04P0D,Project Serra da Mantiqueira,EN4R,InPlanet,EW,Enhanced Weathering,Patch,Piva Capital,CORPORATE_TARGETS,
ret_1K6K4KBQD1S0X17J,2025-10-02T18:57:50.869117+00:00,1.0,prj_1HZSSWBQM1S08H83,Charm Bio-oil Geologic Storage,7BDE,Charm Industrial,BiCRS,Biomass Carbon Removal and Storage,Patch,Patch,OTHER,Retired on behalf of Patch's customers and/ or their End Users
ret_1K6K4A7N11S0PS16,2025-10-02T18:52:51.816220+00:00,1.0,prj_1HZSSWBQM1S08H83,Charm Bio-oil Geologic Storage,7BDE,Charm Industrial,BiCRS,Biomass Carbon Removal and Storage,Patch,Versa,OTHER,"On behalf of Versa, formerly Bend and their end users."
ret_1K6K3BQDV1S0973G,2025-10-02T18:36:12.169998+00:00,2.0,prj_1HZSSWBQM1S08H83,Charm Bio-oil Geologic Storage,7BDE,Charm Industrial,BiCRS,Biomass Carbon Removal and Storage,Patch,CarbonCure Technologies Inc.,CORPORATE_TARGETS,
ret_1K6K2Y82M1S0V4DB,2025-10-02T18:28:50.461194+00:00,1.0,prj_1HZSSWBQM1S08H83,Charm Bio-oil Geologic Storage,7BDE,Charm Industrial,BiCRS,Biomass Carbon Removal and Storage,Patch,Princeville Capital,CORPORATE_TARGETS,
ret_1K6K2PVEH1S05QZW,2025-10-02T18:24:48.148888+00:00,22.0,prj_1HZSSWBQM1S08H83,Charm Bio-oil Geologic Storage,7BDE,Charm Industrial,BiCRS,Biomass Carbon Removal and Storage,Patch,Coatue,CORPORATE_TARGETS,
ret_1K6K2BXNT1S0FNHH,2025-10-02T18:18:49.967512+00:00,1.0,prj_1HZSSWBQM1S08H83,Charm Bio-oil Geologic Storage,7BDE,Charm Industrial,BiCRS,Biomass Carbon Removal and Storage,Patch,Future Energy Ventures Management GmbH,CORPORATE_TARGETS,
ret_1K6JZKBZ31S0982R,2025-10-02T17:30:28.229883+00:00,60.0,prj_1HZSSWBQM1S08H83,Charm Bio-oil Geologic Storage,7BDE,Charm Industrial,BiCRS,Biomass Carbon Removal and Storage,Harvard Management Company,Harvard Management Company,CORPORATE_TARGETS,
ret_1K6GS1DN71S04P2S,2025-10-01T20:57:19.854437+00:00,1.0,prj_1HHYZFVGW1S044ZY,Great Plains Organic Waste Sequestration,01P4,Vaulted Deep,BiCRS,Biomass Carbon Removal and Storage,Stripe,Minus GmbH,OTHER,https://stripe.com/climate/orders
ret_1K6FYPDT61S0C3AY,2025-10-01T13:16:56.565166+00:00,49.0,prj_1HHYZFVGW1S044ZY,Great Plains Organic Waste Sequestration,01P4,Vaulted Deep,BiCRS,Biomass Carbon Removal and Storage,Autodesk,Autodesk,CORPORATE_TARGETS,
ret_1K6EHBY8W1S084E3,2025-10-01T00:04:47.051012+00:00,940.0,prj_1HHYZFVGW1S044ZY,Great Plains Organic Waste Sequestration,01P4,Vaulted Deep,BiCRS,Biomass Carbon Removal and Storage,Shopify,Shopify,CORPORATE_TARGETS,
ret_1K6EDW4YK1S08ANR,2025-09-30T23:03:43.953872+00:00,269.0,prj_1HHYZFVGW1S044ZY,Great Plains Organic Waste Sequestration,01P4,Vaulted Deep,BiCRS,Biomass Carbon Removal and Storage,JPMorganChase,JPMorganChase,CORPORATE_TARGETS,
ret_1K6DMPR811S0KJHK,2025-09-30T15:43:52.665029+00:00,50.0,prj_1HZSSWBQM1S08H83,Charm Bio-oil Geologic Storage,7BDE,Charm Industrial,BiCRS,Biomass Carbon Removal and Storage,JPMorganChase,JPMorganChase,CORPORATE_TARGETS,
ret_1K6DMP5TV1S04Z2Z,2025-09-30T15:43:33.808280+00:00,265.0,prj_1HZSSWBQM1S08H83,Charm Bio-oil Geologic Storage,7BDE,Charm Industrial,BiCRS,Biomass Carbon Removal and Storage,JPMorganChase,JPMorganChase,CORPORATE_TARGETS,
ret_1K6DJ436S1S05AK1,2025-09-30T14:58:44.088158+00:00,201.0,prj_1H502CZZH1S0VMYW,Nova Scotia Mineral OAE Project,F5X7,Planetary,Marine,Marine,Shopify,Shopify,CORPORATE_TARGETS,
ret_1K5HKW9CJ1S046YA,2025-09-19T18:30:41.335886+00:00,27.0,prj_1HHYZFVGW1S044ZY,Great Plains Organic Waste Sequestration,01P4,Vaulted Deep,BiCRS,Biomass Carbon Removal and Storage,Autodesk,Autodesk,CORPORATE_TARGETS,
ret_1K5EYJV0M1S0PK3V,2025-09-18T17:40:02.747825+00:00,12.0,prj_1JFA3YY9P1S0YVKR,New England WAE Project,X8KC,CREW Carbon,Marine,Marine,Shopify,Shopify,CORPORATE_TARGETS,
ret_1K5EY73071S02Y86,2025-09-18T17:33:37.712477+00:00,622.0,prj_1HZSSWBQM1S08H83,Charm Bio-oil Geologic Storage,7BDE,Charm Industrial,BiCRS,Biomass Carbon Removal and Storage,Shopify,Shopify,CORPORATE_TARGETS,
ret_1K5ETJ0NH1S0EE38,2025-09-18T16:29:41.507639+00:00,90.0,prj_1HHYZFVGW1S044ZY,Great Plains Organic Waste Sequestration,01P4,Vaulted Deep,BiCRS,Biomass Carbon Removal and Storage,Rubicon Carbon,Bumble Inc.,CORPORATE_TARGETS,Retired on behalf of Bumble Inc. to address its unabated Scope 1 and 3 emissions from FY24 as part of its climate strategy.
ret_1K40TKAXY1S0WYJW,2025-08-31T19:45:20.857648+00:00,48.0,prj_1HHYZFVGW1S044ZY,Great Plains Organic Waste Sequestration,01P4,Vaulted Deep,BiCRS,Biomass Carbon Removal and Storage,Workday,Workday,PUBLIC_ENVIRONMENTAL_CLAIMS,
ret_1K40SHRYP1S07J5D,2025-08-31T19:27:01.183561+00:00,150.0,prj_1HHYZFVGW1S044ZY,Great Plains Organic Waste Sequestration,01P4,Vaulted Deep,BiCRS,Biomass Carbon Removal and Storage,JPMorganChase,JPMorganChase,CORPORATE_TARGETS,
ret_1K2Q8Q3RG1S01B72,2025-08-15T16:23:58.519328+00:00,19.0,prj_1J4P33N6W1S0RKE2,Loblolly Project,V093,Graphyte,BiCRS,Biomass Carbon Removal and Storage,Wren,Molten Ventures,PUBLIC_ENVIRONMENTAL_CLAIMS,2024 emissions
ret_1K1YCN31Y1S0W6DX,2025-08-06T00:31:45.821936+00:00,5.0,prj_1HZSSWBQM1S08H83,Charm Bio-oil Geologic Storage,7BDE,Charm Industrial,BiCRS,Biomass Carbon Removal and Storage,Watershed,Samsara Inc.,"CORPORATE_TARGETS, PUBLIC_ENVIRONMENTAL_CLAIMS",Retirement of environmental credits on behalf of Samsara Inc.
ret_1K1H68RZN1S0ECYW,2025-07-31T21:30:03.178926+00:00,95.0,prj_1HHYZFVGW1S044ZY,Great Plains Organic Waste Sequestration,01P4,Vaulted Deep,BiCRS,Biomass Carbon Removal and Storage,Workday,Workday,PUBLIC_ENVIRONMENTAL_CLAIMS,
ret_1K1H0RTAX1S0XTBC,2025-07-31T19:53:57.387236+00:00,40.0,prj_1HHYZFVGW1S044ZY,Great Plains Organic Waste Sequestration,01P4,Vaulted Deep,BiCRS,Biomass Carbon Removal and Storage,Autodesk,Autodesk,CORPORATE_TARGETS,
ret_1K1GZY8G91S03X9B,2025-07-31T19:39:27.337125+00:00,223.0,prj_1HHYZFVGW1S044ZY,Great Plains Organic Waste Sequestration,01P4,Vaulted Deep,BiCRS,Biomass Carbon Removal and Storage,JPMorganChase,JPMorganChase,CORPORATE_TARGETS,
ret_1K1BW4B5Z1S0E6RY,2025-07-29T19:56:40.038188+00:00,140.0,prj_1HZSSWBQM1S08H83,Charm Bio-oil Geologic Storage,7BDE,Charm Industrial,BiCRS,Biomass Carbon Removal and Storage,Harvard Management Company,Harvard Management Company,CORPORATE_TARGETS,
ret_1K07VNDWW1S0AP0T,2025-07-15T20:15:51.926940+00:00,240.0,prj_1HZSSWBQM1S08H83,Charm Bio-oil Geologic Storage,7BDE,Charm Industrial,BiCRS,Biomass Carbon Removal and Storage,JPMorganChase,JPMorganChase,CORPORATE_TARGETS,
ret_1K06XM7751S0EBC3,2025-07-15T11:30:54.866623+00:00,15.0,prj_1J7NQMR9V1S04P0D,Project Serra da Mantiqueira,EN4R,InPlanet,EW,Enhanced Weathering,Opna,Wise Payments Ltd,OTHER,"SALT Global Tech Ltd (""Opna"") is retiring credits on behalf of Wise Payments Ltd to offset part of their FY25 emissions footprint."
ret_1JZX5YDJA1S0SQYZ,2025-07-11T16:43:53.356857+00:00,1500.0,prj_1J4P33N6W1S0RKE2,Loblolly Project,V093,Graphyte,BiCRS,Biomass Carbon Removal and Storage,Supercritical,"BlackRock, Inc.",OTHER,"1,500 tonnes of carbon dioxide removal retired by Supercritical on behalf of BlackRock, Inc"
ret_1JZJJ9YHY1S0YFN1,2025-07-07T13:48:15.469937+00:00,0.025,prj_1J7NQMR9V1S04P0D,Project Serra da Mantiqueira,EN4R,InPlanet,EW,Enhanced Weathering,J Greenhalgh,J Greenhalgh,,
ret_1JZ0ZRH141S0RFC3,2025-06-30T17:57:04.726226+00:00,14.0,prj_1HHYZFVGW1S044ZY,Great Plains Organic Waste Sequestration,01P4,Vaulted Deep,BiCRS,Biomass Carbon Removal and Storage,Autodesk,Autodesk,CORPORATE_TARGETS,
ret_1JZ0ZDN4Y1S02XP7,2025-06-30T17:51:08.596205+00:00,75.0,prj_1HHYZFVGW1S044ZY,Great Plains Organic Waste Sequestration,01P4,Vaulted Deep,BiCRS,Biomass Carbon Removal and Storage,JPMorganChase,JPMorganChase,CORPORATE_TARGETS,
ret_1JXPGXVGW1S0SWQB,2025-06-14T06:09:44.702122+00:00,240.0,prj_1HZSSWBQM1S08H83,Charm Bio-oil Geologic Storage,7BDE,Charm Industrial,BiCRS,Biomass Carbon Removal and Storage,JPMorganChase,JPMorganChase,CORPORATE_TARGETS,
ret_1JWRSD1DB1S085VN,2025-06-02T17:00:37.735693+00:00,24.0,prj_1HHYZFVGW1S044ZY,Great Plains Organic Waste Sequestration,01P4,Vaulted Deep,BiCRS,Biomass Carbon Removal and Storage,Workday,Workday,PUBLIC_ENVIRONMENTAL_CLAIMS,
ret_1JWREHWGK1S08HBQ,2025-06-02T13:51:02.214727+00:00,14.0,prj_1HHYZFVGW1S044ZY,Great Plains Organic Waste Sequestration,01P4,Vaulted Deep,BiCRS,Biomass Carbon Removal and Storage,Autodesk,Autodesk,CORPORATE_TARGETS,
ret_1JWMGENKX1S035DW,2025-06-01T01:07:16.409479+00:00,75.0,prj_1HHYZFVGW1S044ZY,Great Plains Organic Waste Sequestration,01P4,Vaulted Deep,BiCRS,Biomass Carbon Removal and Storage,JPMorganChase,JPMorganChase,CORPORATE_TARGETS,
ret_1JVT475VX1S004R0,2025-05-21T19:13:12.810699+00:00,12.0,prj_1HHYZFVGW1S044ZY,Great Plains Organic Waste Sequestration,01P4,Vaulted Deep,BiCRS,Biomass Carbon Removal and Storage,Rubicon Carbon,GitLab Inc. ,CORPORATE_TARGETS,
ret_1JV56HA3Y1S0V98Q,2025-05-13T16:09:38.810817+00:00,100.0,prj_1HHYZFVGW1S044ZY,Great Plains Organic Waste Sequestration,01P4,Vaulted Deep,BiCRS,Biomass Carbon Removal and Storage,Rubicon Carbon,Jefferies Financial Group Inc,CORPORATE_TARGETS,"Retired to offset Jefferies' 2024 Scope 1, Scope 2 (non-electricity), and selected Scope 3 Categories"
ret_1JTK7G7N11S0Z11X,2025-05-06T16:40:12.290220+00:00,12.0,prj_1HHYZFVGW1S044ZY,Great Plains Organic Waste Sequestration,01P4,Vaulted Deep,BiCRS,Biomass Carbon Removal and Storage,Workday,Workday,PUBLIC_ENVIRONMENTAL_CLAIMS,
ret_1JT8YNNRJ1S0MSM8,2025-05-02T16:53:29.159758+00:00,23.0,prj_1HZSSWBQM1S08H83,Charm Bio-oil Geologic Storage,7BDE,Charm Industrial,BiCRS,Biomass Carbon Removal and Storage,JPMorganChase,JPMorganChase,CORPORATE_TARGETS,
ret_1JT8JBNVZ1S0VBZ9,2025-05-02T13:18:18.546965+00:00,7.0,prj_1HHYZFVGW1S044ZY,Great Plains Organic Waste Sequestration,01P4,Vaulted Deep,BiCRS,Biomass Carbon Removal and Storage,Autodesk,Autodesk,CORPORATE_TARGETS,
ret_1JT8JA6Y41S07Q3M,2025-05-02T13:17:30.498892+00:00,2.0,prj_1JFA3YY9P1S0YVKR,New England WAE Project,X8KC,CREW Carbon,Marine,Marine,Autodesk,Autodesk,CORPORATE_TARGETS,
ret_1JT7Q818P1S07GFT,2025-05-02T05:24:27.688653+00:00,1250.0,prj_1J4P33N6W1S0RKE2,Loblolly Project,V093,Graphyte,BiCRS,Biomass Carbon Removal and Storage,ClimeFi,Boston Consulting Group,CORPORATE_TARGETS,
ret_1JT6NKK6V1S0R1BR,2025-05-01T19:36:34.980932+00:00,1.0,prj_1HHYZFVGW1S044ZY,Great Plains Organic Waste Sequestration,01P4,Vaulted Deep,BiCRS,Biomass Carbon Removal and Storage,Rubicon Carbon,"Genesys Cloud Services, Inc.",OTHER,Retired to offset emissions associated with greening global events
ret_1JT4K9ZCK1S0D8GT,2025-05-01T00:17:53.738780+00:00,37.0,prj_1HHYZFVGW1S044ZY,Great Plains Organic Waste Sequestration,01P4,Vaulted Deep,BiCRS,Biomass Carbon Removal and Storage,JPMorganChase,JPMorganChase,CORPORATE_TARGETS,
ret_1JT46476A1S0DS99,2025-04-30T20:27:33.495875+00:00,4.0,prj_1JFA3YY9P1S0YVKR,New England WAE Project,X8KC,CREW Carbon,Marine,Marine,Workday,Workday,PUBLIC_ENVIRONMENTAL_CLAIMS,
ret_1JT45MK2W1S0ZPK4,2025-04-30T20:19:01.479543+00:00,12.0,prj_1JFA3YY9P1S0YVKR,New England WAE Project,X8KC,CREW Carbon,Marine,Marine,JPMorganChase,JPMorganChase,CORPORATE_TARGETS,
ret_1JQS3W64A1S0VWQ2,2025-04-01T16:45:10.732336+00:00,12.0,prj_1HHYZFVGW1S044ZY,Great Plains Organic Waste Sequestration,01P4,Vaulted Deep,BiCRS,Biomass Carbon Removal and Storage,Workday,Workday,"CORPORATE_TARGETS, PUBLIC_ENVIRONMENTAL_CLAIMS",
ret_1JQRPSBNB1S004SA,2025-04-01T12:56:26.620800+00:00,7.0,prj_1HHYZFVGW1S044ZY,Great Plains Organic Waste Sequestration,01P4,Vaulted Deep,BiCRS,Biomass Carbon Removal and Storage,Autodesk,Autodesk,CORPORATE_TARGETS,
ret_1JQQNXNFV1S07Z93,2025-04-01T03:22:04.712583+00:00,42.0,prj_1HHYZFVGW1S044ZY,Great Plains Organic Waste Sequestration,01P4,Vaulted Deep,BiCRS,Biomass Carbon Removal and Storage,Shopify,Shopify,CORPORATE_TARGETS,
ret_1JQQ8QYEK1S03ZD0,2025-03-31T23:31:45.865414+00:00,37.0,prj_1HHYZFVGW1S044ZY,Great Plains Organic Waste Sequestration,01P4,Vaulted Deep,BiCRS,Biomass Carbon Removal and Storage,JPMorganChase,JPMorganChase,CORPORATE_TARGETS,
ret_1JQQ5QF081S04G5F,2025-03-31T22:39:04.275015+00:00,69.0,prj_1HHYZFVGW1S044ZY,Great Plains Organic Waste Sequestration,01P4,Vaulted Deep,BiCRS,Biomass Carbon Removal and Storage,Shopify,Shopify,CORPORATE_TARGETS,
ret_1JQQ5PRNR1S0GV9T,2025-03-31T22:38:41.387061+00:00,20.0,prj_1HZSSWBQM1S08H83,Charm Bio-oil Geologic Storage,7BDE,Charm Industrial,BiCRS,Biomass Carbon Removal and Storage,Shopify,Shopify,CORPORATE_TARGETS,
ret_1JQ8QDEB51S0APQQ,2025-03-26T07:59:33.800071+00:00,1.0,prj_1J7NQMR9V1S04P0D,Project Serra da Mantiqueira,EN4R,InPlanet,EW,Enhanced Weathering,CEEZER,Deutscher Verband für Negative Emissionen e.V.,OTHER,DVNE removing CO2 as a Christmas gift for selected stakeholders.
ret_1JPTZJADE1S01VBR,2025-03-20T23:52:40.297246+00:00,7.0,prj_1HHYZFVGW1S044ZY,Great Plains Organic Waste Sequestration,01P4,Vaulted Deep,BiCRS,Biomass Carbon Removal and Storage,Rubicon Carbon,GitLab Inc. ,CORPORATE_TARGETS,
ret_1JPJCWRF71S0B82S,2025-03-17T15:52:23.827988+00:00,50.0,prj_1J7NQMR9V1S04P0D,Project Serra da Mantiqueira,EN4R,InPlanet,EW,Enhanced Weathering,Patch,Bain & Company,CORPORATE_TARGETS,Retired on behalf of Bain & Company
ret_1JNEQHG501S0R92Q,2025-03-03T19:25:49.626562+00:00,12.0,prj_1HHYZFVGW1S044ZY,Great Plains Organic Waste Sequestration,01P4,Vaulted Deep,BiCRS,Biomass Carbon Removal and Storage,Workday,Workday,PUBLIC_ENVIRONMENTAL_CLAIMS,
ret_1JNE3Y5MD1S07D9T,2025-03-03T13:43:13.318631+00:00,7.0,prj_1HHYZFVGW1S044ZY,Great Plains Organic Waste Sequestration,01P4,Vaulted Deep,BiCRS,Biomass Carbon Removal and Storage,Autodesk,Autodesk,CORPORATE_TARGETS,
ret_1JN7E98RN1S0SWBC,2025-02-28T23:29:21.857555+00:00,37.0,prj_1HHYZFVGW1S044ZY,Great Plains Organic Waste Sequestration,01P4,Vaulted Deep,BiCRS,Biomass Carbon Removal and Storage,JPMorganChase,JPMorganChase,CORPORATE_TARGETS,
ret_1JMMRK3TZ1S0RXR6,2025-02-21T17:23:56.028680+00:00,164.98,prj_1HZSSWBQM1S08H83,Charm Bio-oil Geologic Storage,7BDE,Charm Industrial,BiCRS,Biomass Carbon Removal and Storage,JPMorganChase,JPMorganChase,CORPORATE_TARGETS,
ret_1JK491DB71S0DSHX,2025-02-02T21:28:34.436981+00:00,4.0,prj_1HHYZFVGW1S044ZY,Great Plains Organic Waste Sequestration,01P4,Vaulted Deep,BiCRS,Biomass Carbon Removal and Storage,Autodesk,Autodesk,OTHER,on behalf of Autodesk's voluntary commitment
ret_1JJZKN5EN1S0T4P8,2025-02-01T01:57:55.343437+00:00,7.0,prj_1HHYZFVGW1S044ZY,Great Plains Organic Waste Sequestration,01P4,Vaulted Deep,BiCRS,Biomass Carbon Removal and Storage,Workday,Workday,PUBLIC_ENVIRONMENTAL_CLAIMS,
ret_1JJZ9A8KV1S04R8S,2025-01-31T22:57:12.451179+00:00,23.0,prj_1HHYZFVGW1S044ZY,Great Plains Organic Waste Sequestration,01P4,Vaulted Deep,BiCRS,Biomass Carbon Removal and Storage,JPMorganChase,JPMorganChase,CORPORATE_TARGETS,
ret_1JGZ5A2F41S0Y2KK,2025-01-07T01:15:48.099965+00:00,9.0,prj_1HHYZFVGW1S044ZY,Great Plains Organic Waste Sequestration,01P4,Vaulted Deep,BiCRS,Biomass Carbon Removal and Storage,Workday,Workday,PUBLIC_ENVIRONMENTAL_CLAIMS,
ret_1JGYRS4X91S0PRW9,2025-01-06T21:36:50.643738+00:00,1.0,prj_1HHYZFVGW1S044ZY,Great Plains Organic Waste Sequestration,01P4,Vaulted Deep,BiCRS,Biomass Carbon Removal and Storage,Watershed,Skyscanner Limited,"OTHER, CORPORATE_TARGETS, PUBLIC_ENVIRONMENTAL_CLAIMS",Retirement of environmental credits on behalf of Skyscanner Limited.
ret_1JGPXT3FF1S0JS06,2025-01-03T20:30:49.397746+00:00,300.0,prj_1J4P33N6W1S0RKE2,Loblolly Project,V093,Graphyte,BiCRS,Biomass Carbon Removal and Storage,Harvard Management Company,Harvard Management Company,CORPORATE_TARGETS,
ret_1JGPE76G81S0BF8W,2025-01-03T15:58:21.251727+00:00,29.0,prj_1HHYZFVGW1S044ZY,Great Plains Organic Waste Sequestration,01P4,Vaulted Deep,BiCRS,Biomass Carbon Removal and Storage,Autodesk,Autodesk,CORPORATE_TARGETS,
ret_1JGMDCZGD1S0PKKW,2025-01-02T21:05:33.371568+00:00,11.0,prj_1HHYZFVGW1S044ZY,Great Plains Organic Waste Sequestration,01P4,Vaulted Deep,BiCRS,Biomass Carbon Removal and Storage,Watershed,Samsara Inc.,"CORPORATE_TARGETS, PUBLIC_ENVIRONMENTAL_CLAIMS",Retirement of environmental credits on behalf of Samsara Inc.
ret_1JGEE5WSD1S0DJAR,2024-12-31T13:23:43.142093+00:00,188.0,prj_1HHYZFVGW1S044ZY,Great Plains Organic Waste Sequestration,01P4,Vaulted Deep,BiCRS,Biomass Carbon Removal and Storage,Shopify,Shopify,CORPORATE_TARGETS,
ret_1JGEE48DX1S068KE,2024-12-31T13:22:49.849353+00:00,1500.0,prj_1HHYZFVGW1S044ZY,Great Plains Organic Waste Sequestration,01P4,Vaulted Deep,BiCRS,Biomass Carbon Removal and Storage,Shopify,Shopify,CORPORATE_TARGETS,
ret_1JG8AN45F1S0K4G8,2024-12-29T04:26:41.490108+00:00,33.0,prj_1HHYZFVGW1S044ZY,Great Plains Organic Waste Sequestration,01P4,Vaulted Deep,BiCRS,Biomass Carbon Removal and Storage,JPMorganChase,JPMorganChase,CORPORATE_TARGETS,
ret_1JG70FDKV1S0DD2B,2024-12-28T16:09:34.187082+00:00,500.0,prj_1J4P33N6W1S0RKE2,Loblolly Project,V093,Graphyte,BiCRS,Biomass Carbon Removal and Storage,Supercritical,"BlackRock, Inc.",OTHER,"500 tonnes of carbon dioxide removal retired by Supercritical on behalf of BlackRock, Inc."
ret_1JFDXKG7E1S0TBWX,2024-12-18T22:18:21.337119+00:00,1.0,prj_1HHYZFVGW1S044ZY,Great Plains Organic Waste Sequestration,01P4,Vaulted Deep,BiCRS,Biomass Carbon Removal and Storage,Watershed,"Zendesk, Inc.",CORPORATE_TARGETS,"Retirement of environmental credits on behalf of Zendesk, Inc."
ret_1JFDX4F811S0ZD9Y,2024-12-18T22:10:08.920260+00:00,1.0,prj_1HHYZFVGW1S044ZY,Great Plains Organic Waste Sequestration,01P4,Vaulted Deep,BiCRS,Biomass Carbon Removal and Storage,Watershed,"Skims Body, Inc.",PUBLIC_ENVIRONMENTAL_CLAIMS,"Retirement of environmental credits on behalf of Skims Body, Inc."
ret_1JE6W9MYK1S0HVX4,2024-12-03T18:25:07.057570+00:00,6.0,prj_1HHYZFVGW1S044ZY,Great Plains Organic Waste Sequestration,01P4,Vaulted Deep,BiCRS,Biomass Carbon Removal and Storage,Workday,Workday,CORPORATE_TARGETS,
ret_1JE6MQ6FY1S0Y71F,2024-12-03T16:12:42.395968+00:00,72.0,prj_1HHYZFVGW1S044ZY,Great Plains Organic Waste Sequestration,01P4,Vaulted Deep,BiCRS,Biomass Carbon Removal and Storage,Autodesk,Autodesk,CORPORATE_TARGETS,
ret_1JE6HJYS01S0PXA5,2024-12-03T15:17:57.767623+00:00,22.0,prj_1HHYZFVGW1S044ZY,Great Plains Organic Waste Sequestration,01P4,Vaulted Deep,BiCRS,Biomass Carbon Removal and Storage,JPMorganChase,JPMorganChase,CORPORATE_TARGETS,
ret_1JCRHGGBN1S080P0,2024-11-15T18:31:33.622166+00:00,14.0,prj_1HHYZFVGW1S044ZY,Great Plains Organic Waste Sequestration,01P4,Vaulted Deep,BiCRS,Biomass Carbon Removal and Storage,Rubicon Carbon,GitLab Inc. ,OTHER,On behalf of GitLab Inc.
ret_1JBT515MM1S065VJ,2024-11-03T23:16:15.150846+00:00,52.0,prj_1HHYZFVGW1S044ZY,Great Plains Organic Waste Sequestration,01P4,Vaulted Deep,BiCRS,Biomass Carbon Removal and Storage,Shopify,Shopify,CORPORATE_TARGETS,
ret_1JBHT15JG1S0NTV4,2024-10-31T17:30:05.293549+00:00,4.0,prj_1HHYZFVGW1S044ZY,Great Plains Organic Waste Sequestration,01P4,Vaulted Deep,BiCRS,Biomass Carbon Removal and Storage,Workday,Workday,CORPORATE_TARGETS,
ret_1JBHQT6J51S025ZF,2024-10-31T16:51:19.913882+00:00,16.0,prj_1HHYZFVGW1S044ZY,Great Plains Organic Waste Sequestration,01P4,Vaulted Deep,BiCRS,Biomass Carbon Removal and Storage,JPMorganChase,JPMorganChase,CORPORATE_TARGETS,
ret_1J9W027GM1S08Q0T,2024-10-10T19:56:32.169185+00:00,106.0,prj_1HHYZFVGW1S044ZY,Great Plains Organic Waste Sequestration,01P4,Vaulted Deep,BiCRS,Biomass Carbon Removal and Storage,Shopify,Shopify,CORPORATE_TARGETS,
ret_1J9QE9FQA1S04P8X,2024-10-09T01:28:57.852485+00:00,8.0,prj_1HHYZFVGW1S044ZY,Great Plains Organic Waste Sequestration,01P4,Vaulted Deep,BiCRS,Biomass Carbon Removal and Storage,Workday,Workday,PUBLIC_ENVIRONMENTAL_CLAIMS,
ret_1J9CFV6NT1S0HDQB,2024-10-04T19:24:28.320987+00:00,32.0,prj_1HHYZFVGW1S044ZY,Great Plains Organic Waste Sequestration,01P4,Vaulted Deep,BiCRS,Biomass Carbon Removal and Storage,JPMorganChase,JPMorganChase,CORPORATE_TARGETS,
ret_1J7HHPZ3N1S056RW,2024-09-11T22:01:55.126915+00:00,4.0,prj_1HHYZFVGW1S044ZY,Great Plains Organic Waste Sequestration,01P4,Vaulted Deep,BiCRS,Biomass Carbon Removal and Storage,Workday,Workday,CORPORATE_TARGETS,
ret_1J6QYRZBV1S0S4PE,2024-09-01T23:29:57.144111+00:00,53.0,prj_1HHYZFVGW1S044ZY,Great Plains Organic Waste Sequestration,01P4,Vaulted Deep,BiCRS,Biomass Carbon Removal and Storage,Shopify,Shopify,CORPORATE_TARGETS,
ret_1J6QYQMQ41S05FTS,2024-09-01T23:29:13.501253+00:00,1000.0,prj_1HHYZFVGW1S044ZY,Great Plains Organic Waste Sequestration,01P4,Vaulted Deep,BiCRS,Biomass Carbon Removal and Storage,Shopify,Shopify,CORPORATE_TARGETS,
ret_1J6QYP6JB1S0HTZ4,2024-09-01T23:28:26.217588+00:00,35.02,prj_1HZSSWBQM1S08H83,Charm Bio-oil Geologic Storage,7BDE,Charm Industrial,BiCRS,Biomass Carbon Removal and Storage,Shopify,Shopify,CORPORATE_TARGETS,
ret_1J6KZ563G1S0G3DA,2024-08-31T10:19:39.596131+00:00,16.0,prj_1HHYZFVGW1S044ZY,Great Plains Organic Waste Sequestration,01P4,Vaulted Deep,BiCRS,Biomass Carbon Removal and Storage,JPMorganChase,JPMorganChase,CORPORATE_TARGETS,
ret_1J6BDE7K41S0B6ZZ,2024-08-28T02:36:06.209465+00:00,9.0,prj_1HHYZFVGW1S044ZY,Great Plains Organic Waste Sequestration,01P4,Vaulted Deep,BiCRS,Biomass Carbon Removal and Storage,Rubicon Carbon,GitLab Inc. ,OTHER,Rubicon Carbon retiring on behalf of Gitlab Inc.
ret_1J6BD8FS21S0G8D0,2024-08-28T02:32:57.993774+00:00,9.0,prj_1HHYZFVGW1S044ZY,Great Plains Organic Waste Sequestration,01P4,Vaulted Deep,BiCRS,Biomass Carbon Removal and Storage,Rubicon Carbon,GitLab Inc. ,OTHER,Rubicon Carbon retiring on behalf of Gitlab Inc.
ret_1J5S55ZJZ1S098N4,2024-08-21T00:25:27.505662+00:00,35.02,prj_1HZSSWBQM1S08H83,Charm Bio-oil Geologic Storage,7BDE,Charm Industrial,BiCRS,Biomass Carbon Removal and Storage,JPMorganChase,JPMorganChase,CORPORATE_TARGETS,
ret_1HXA67FPM1S0DY3D,2024-05-07T18:49:34.236780+00:00,229.0,prj_1HHYZFVGW1S044ZY,Great Plains Organic Waste Sequestration,01P4,Vaulted Deep,BiCRS,Biomass Carbon Removal and Storage,Shopify,Shopify,CORPORATE_TARGETS,
